<step title="Incoming Request" date="2025-11-25T15:49:40.165" instance="978831" url="/api/zipdeploy?isAsync=true" method="POST" type="request" pid="855,1,7" Accept="*/*" Host="checklist-poc-app.scm.azurewebsites.net" User-Agent="curl/8.12.1" Authorization="Bas..." Content-Type="application/zip" Expect="100-continue" Content-Length="9127768" X-ARR-LOG-ID="f1cef6d3-da10-4943-9661-aad8596cdf6e" CLIENT-IP="96.247.197.62:49375" X-SITE-DEPLOYMENT-ID="checklist-poc-app" WAS-DEFAULT-HOSTNAME="checklist-poc-app.scm.azurewebsites.net" X-Forwarded-Proto="https" X-AppService-Proto="https" X-Forwarded-TlsVersion="1.3" X-WAWS-Unencoded-URL="/api/zipdeploy?isAsync=true" X-Client-IP="96.247.197.62" X-Client-Port="49375" >
  <step title="Cleanup Xml Logs" date="2025-11-25T15:49:40.175" /><!-- duration: 11ms -->
  <step title="ZipPushDeploy" date="2025-11-25T15:49:40.221" >
    <step title="ZipDeploy. Extract zip." date="2025-11-25T15:49:40.232" /><!-- duration: 3ms -->
    <step title="Starting PushDeployAsync" date="2025-11-25T15:49:40.241" /><!-- duration: 3ms -->
    <step title="Writing artifact to /tmp/zipdeploy/e84f7ac4-6594-421f-b841-f3c1629851f1.zip" date="2025-11-25T15:49:40.261" >
      <step title="Writing multipart request body to /tmp/zipdeploy/e84f7ac4-6594-421f-b841-f3c1629851f1.zip" date="2025-11-25T15:49:40.268" /><!-- duration: 13ms -->
    </step><!-- duration: 2474ms -->
    <step title="Start deployment in the background" date="2025-11-25T15:49:42.775" >
      <step title="Acquiring Deployment Lock" date="2025-11-25T15:49:42.855" /><!-- duration: 3ms -->
      <step title="Acquired Deployment Lock" date="2025-11-25T15:49:42.905" /><!-- duration: 8ms -->
    </step><!-- duration: 276ms -->
  </step><!-- duration: 2856ms -->
  <step title="Outgoing response" date="2025-11-25T15:49:43.086" type="response" statusCode="202" statusText="Accepted" /><!-- duration: 12ms -->
</step><!-- duration: 2941ms -->
