<step title="Incoming Request" date="2025-11-25T16:00:58.125" instance="978831" url="/api/zipdeploy?isAsync=true" method="POST" type="request" pid="855,1,7" Accept="*/*" Host="checklist-poc-app.scm.azurewebsites.net" User-Agent="curl/8.12.1" Authorization="Bas..." Content-Type="application/zip" Expect="100-continue" Content-Length="9144674" X-ARR-LOG-ID="964700fe-3bb6-4785-bc72-8c0cff13adf8" CLIENT-IP="96.247.197.62:54814" X-SITE-DEPLOYMENT-ID="checklist-poc-app" WAS-DEFAULT-HOSTNAME="checklist-poc-app.scm.azurewebsites.net" X-Forwarded-Proto="https" X-AppService-Proto="https" X-Forwarded-TlsVersion="1.3" X-WAWS-Unencoded-URL="/api/zipdeploy?isAsync=true" X-Client-IP="96.247.197.62" X-Client-Port="54814" >
  <step title="ZipPushDeploy" date="2025-11-25T16:00:58.955" >
    <step title="ZipDeploy. Extract zip." date="2025-11-25T16:00:58.982" /><!-- duration: 11ms -->
    <step title="None repository commit" date="2025-11-25T16:00:59.013" >
      <step title="Commit id: c12d6317-e3d7-4251-9efa-d78997c7d819" date="2025-11-25T16:00:59.022" Message="N/A" AuthorName="N/A" AuthorEmail="N/A" /><!-- duration: 31ms -->
    </step><!-- duration: 50ms -->
    <step title="Starting PushDeployAsync" date="2025-11-25T16:00:59.090" /><!-- duration: 39ms -->
    <step title="Writing artifact to /tmp/zipdeploy/10112dff-56d4-4612-be4b-c3ccd7f39ea2.zip" date="2025-11-25T16:00:59.209" >
      <step title="Writing multipart request body to /tmp/zipdeploy/10112dff-56d4-4612-be4b-c3ccd7f39ea2.zip" date="2025-11-25T16:00:59.228" /><!-- duration: 10ms -->
    </step><!-- duration: 2382ms -->
    <step title="Start deployment in the background" date="2025-11-25T16:01:01.653" >
      <step title="Acquiring Deployment Lock" date="2025-11-25T16:01:01.778" /><!-- duration: 17ms -->
      <step title="Acquired Deployment Lock" date="2025-11-25T16:01:01.909" /><!-- duration: 3ms -->
    </step><!-- duration: 347ms -->
  </step><!-- duration: 3060ms -->
  <step title="Outgoing response" date="2025-11-25T16:01:02.074" type="response" statusCode="202" statusText="Accepted" /><!-- duration: 9ms -->
</step><!-- duration: 3962ms -->
