<step title="Incoming Request" date="2025-11-25T15:42:43.594" instance="978831" url="/api/zipdeploy?isAsync=true" method="POST" type="request" pid="855,1,19" Accept="*/*" Host="checklist-poc-app.scm.azurewebsites.net" User-Agent="AZURECLI/2.75.0 (MSI)" Accept-Encoding="gzip, deflate" Authorization="Bas..." Cache-Control="no-cache" Content-Type="application/octet-stream" Cookie="ARRAffinity=978831a12b989a546f04a417ac73afab2417e3847711476ee09674c03af7af1b; ARRAffinitySameSite=978831a12b989a546f04a417ac73afab2417e3847711476ee09674c03af7af1b" Content-Length="9119032" x-ms-client-request-id="74af49d9-ca15-11f0-bc6d-5cb47e924e73" x-ms-artifact-checksum="296691e5d854f2aa727146192259fbef38cec2ca2245666d670c422a5aa14107" X-ARR-LOG-ID="74af49d9-ca15-11f0-bc6d-5cb47e924e73" CLIENT-IP="96.247.197.62:57355" X-SITE-DEPLOYMENT-ID="checklist-poc-app" WAS-DEFAULT-HOSTNAME="checklist-poc-app.scm.azurewebsites.net" X-Forwarded-Proto="https" X-AppService-Proto="https" X-Forwarded-TlsVersion="1.3" X-WAWS-Unencoded-URL="/api/zipdeploy?isAsync=true" X-Client-IP="96.247.197.62" X-Client-Port="57355" >
  <step title="ZipPushDeploy" date="2025-11-25T15:42:43.709" >
    <step title="ZipDeploy. Extract zip." date="2025-11-25T15:42:43.726" /><!-- duration: 4ms -->
    <step title="None repository commit" date="2025-11-25T15:42:43.746" >
      <step title="Commit id: 32e21ebb-df2d-43b6-a788-7106c0844687" date="2025-11-25T15:42:43.750" Message="N/A" AuthorName="N/A" AuthorEmail="N/A" /><!-- duration: 7ms -->
    </step><!-- duration: 13ms -->
    <step title="Starting PushDeployAsync" date="2025-11-25T15:42:43.765" /><!-- duration: 3ms -->
    <step title="Writing artifact to /tmp/zipdeploy/ca185c11-ace1-4f47-aac2-db8ae8c56159.zip" date="2025-11-25T15:42:43.813" >
      <step title="Writing multipart request body to /tmp/zipdeploy/ca185c11-ace1-4f47-aac2-db8ae8c56159.zip" date="2025-11-25T15:42:43.833" /><!-- duration: 10ms -->
    </step><!-- duration: 716ms -->
    <step title="Start deployment in the background" date="2025-11-25T15:42:44.544" >
      <step title="Acquiring Deployment Lock" date="2025-11-25T15:42:44.633" /><!-- duration: 4ms -->
      <step title="Acquired Deployment Lock" date="2025-11-25T15:42:44.669" /><!-- duration: 4ms -->
    </step><!-- duration: 368ms -->
  </step><!-- duration: 1221ms -->
  <step title="Outgoing response" date="2025-11-25T15:42:44.949" type="response" statusCode="202" statusText="Accepted" /><!-- duration: 4ms -->
</step><!-- duration: 1363ms -->
