<step title="BackgroundTrace" date="2025-11-25T15:42:44.549" instance="978831" url="/api/zipdeploy" method="POST" >
  <step title="Creating temporary deployment - FetchDeploymentManager" date="2025-11-25T15:42:44.676" /><!-- duration: 3ms -->
  <step title="Creating temporary deployment" date="2025-11-25T15:42:44.685" /><!-- duration: 215ms -->
  <step title="Performing fetch based deployment" date="2025-11-25T15:42:44.972" >
    <step title="Cleaning up temp folders from previous zip deployments and extracting pushed zip file /tmp/zipdeploy/ca185c11-ace1-4f47-aac2-db8ae8c56159.zip (8.70 MB) to /tmp/zipdeploy/extracted" date="2025-11-25T15:42:46.191" >
      <step title="ChmodRecursive Process exited with total time taken in ms: 107" date="2025-11-25T15:42:47.157" /><!-- duration: 18ms -->
    </step><!-- duration: 995ms -->
    <step title="Deployment timer started" date="2025-11-25T15:42:49.239" >
      <step title="DeploymentManager.Deploy(id:32e21ebb-df2d-43b6-a788-7106c0844687)" date="2025-11-25T15:42:49.255" >
        <step title="Collecting changeset information" date="2025-11-25T15:42:49.297" /><!-- duration: 156ms -->
        <step title="Updating submodules" date="2025-11-25T15:42:49.459" /><!-- duration: 1128ms -->
        <step title="Determining deployment builder" date="2025-11-25T15:42:50.852" >
          <step title="Builder is BasicBuilder" date="2025-11-25T15:42:50.879" /><!-- duration: 3ms -->
        </step><!-- duration: 57ms -->
        <step title="PreDeployment: context.CleanOutputPath False" date="2025-11-25T15:42:51.230" >
          <step title="PreDeployment: context.OutputPath /home/site/wwwroot" date="2025-11-25T15:42:51.345" >
            <step title="Building" date="2025-11-25T15:42:51.506" >
              <step title="Executing external process" date="2025-11-25T15:42:51.877" type="process" path="starter.sh" arguments="/opt/Kudu/Scripts/parallel_rsync.sh /tmp/zipdeploy/extracted /home/site/wwwroot 8 /tmp/ False True  " >
                <step title="Process dump" date="2025-11-25T15:43:02.433" exitCode="123" type="processOutput" /><!-- duration: 13ms -->
              </step><!-- duration: 10575ms -->
              <step title="Error occurred" date="2025-11-25T15:43:02.527" type="error" text="rsync: [generator] recv_generator: failed to stat &quot;/home/site/wwwroot/wwwroot\index.html.br&quot;: Invalid argument (22)
rsync: [generator] recv_generator: failed to stat &quot;/home/site/wwwroot/zh-Hant\Microsoft.Data.SqlClient.resources.dll&quot;: Invalid argument (22)
rsync: [generator] recv_generator: failed to stat &quot;/home/site/wwwroot/fr\Microsoft.Data.SqlClient.resources.dll&quot;: Invalid argument (22)
rsync: [generator] recv_generator: failed to stat &quot;/home/site/wwwroot/runtimes\unix\lib\net8.0\Microsoft.Data.SqlClient.dll&quot;: Invalid argument (22)
rsync: [generator] recv_generator: failed to stat &quot;/home/site/wwwroot/runtimes\win-arm64\native\Microsoft.Data.SqlClient.SNI.dll&quot;: Invalid argument (22)
rsync: [generator] recv_generator: failed to stat &quot;/home/site/wwwroot/ja\Microsoft.Data.SqlClient.resources.dll&quot;: Invalid argument (22)
rsync: [generator] recv_generator: failed to stat &quot;/home/site/wwwroot/runtimes\win-x64\native\Microsoft.Data.SqlClient.SNI.dll&quot;: Invalid argument (22)
rsync: [generator] recv_generator: failed to stat &quot;/home/site/wwwroot/wwwroot\assets\index-D0NB4OjI.js&quot;: Invalid argument (22)
rsync: [generator] recv_generator: failed to stat &quot;/home/site/wwwroot/runtimes\win\lib\net8.0\System.Runtime.Caching.dll&quot;: Invalid argument (22)
rsync: [generator] recv_generator: failed to stat &quot;/home/site/wwwroot/wwwroot\assets\index-Bh76j7cs.css.br&quot;: Invalid argument (22)
rsync: [generator] recv_generator: failed to stat &quot;/home/site/wwwroot/zh-Hans\Microsoft.Data.SqlClient.resources.dll&quot;: Invalid argument (22)
rsync: [generator] recv_generator: failed to stat &quot;/home/site/wwwroot/it\Microsoft.Data.SqlClient.resources.dll&quot;: Invalid argument (22)
rsync: [generator] recv_generator: failed to stat &quot;/home/site/wwwroot/runtimes\win-x86\native\Microsoft.Data.SqlClient.SNI.dll&quot;: Invalid argument (22)
rsync: [generator] recv_generator: failed to stat &quot;/home/site/wwwroot/wwwroot\assets\index-Bh76j7cs.css.gz&quot;: Invalid argument (22)
rsync: [generator] recv_generator: failed to stat &quot;/home/site/wwwroot/wwwroot\assets\index-D0NB4OjI.js.br&quot;: Invalid argument (22)
rsync: [generator] recv_generator: failed to stat &quot;/home/site/wwwroot/wwwroot\index.html.gz&quot;: Invalid argument (22)
rsync: [generator] recv_generator: failed to stat &quot;/home/site/wwwroot/pt-BR\Microsoft.Data.SqlClient.resources.dll&quot;: Invalid argument (22)
rsync: [generator] recv_generator: failed to stat &quot;/home/site/wwwroot/ru\Microsoft.Data.SqlClient.resources.dll&quot;: Invalid argument (22)
rsync: [generator] recv_generator: failed to stat &quot;/home/site/wwwroot/runtimes\win-arm\native\Microsoft.Data.SqlClient.SNI.dll&quot;: Invalid argument (22)
rsync: [generator] recv_generator: failed to stat &quot;/home/site/wwwroot/wwwroot\index.html&quot;: Invalid argument (22)
rsync: [generator] recv_generator: failed to stat &quot;/home/site/wwwroot/ko\Microsoft.Data.SqlClient.resources.dll&quot;: Invalid argument (22)
rsync: [generator] recv_generator: failed to stat &quot;/home/site/wwwroot/runtimes\win\lib\net6.0\System.Diagnostics.PerformanceCounter.dll&quot;: Invalid argument (22)
rsync: [generator] recv_generator: failed to stat &quot;/home/site/wwwroot/runtimes\win\lib\net8.0\Microsoft.Data.SqlClient.dll&quot;: Invalid argument (22)
rsync: [generator] recv_generator: failed to stat &quot;/home/site/wwwroot/de\Microsoft.Data.SqlClient.resources.dll&quot;: Invalid argument (22)
rsync: [generator] recv_generator: failed to stat &quot;/home/site/wwwroot/es\Microsoft.Data.SqlClient.resources.dll&quot;: Invalid argument (22)
rsync: [generator] recv_generator: failed to stat &quot;/home/site/wwwroot/wwwroot\assets\index-Bh76j7cs.css&quot;: Invalid argument (22)
rsync: [generator] recv_generator: failed to stat &quot;/home/site/wwwroot/wwwroot\assets\index-D0NB4OjI.js.gz&quot;: Invalid argument (22)
rsync error: some files/attrs were not transferred (see previous errors) (code 23) at main.c(1338) [sender=3.2.7]
rsync error: some files/attrs were not transferred (see previous errors) (code 23) at main.c(1338) [sender=3.2.7]
rsync: [generator] recv_generator: failed to stat &quot;/home/site/wwwroot/pt-BR\Microsoft.Data.SqlClient.resources.dll&quot;: Invalid argument (22)
rsync: [generator] recv_generator: failed to stat &quot;/home/site/wwwroot/ru\Microsoft.Data.SqlClient.resources.dll&quot;: Invalid argument (22)
rsync: [generator] recv_generator: failed to stat &quot;/home/site/wwwroot/runtimes\win-arm\native\Microsoft.Data.SqlClient.SNI.dll&quot;: Invalid argument (22)
rsync: [generator] recv_generator: failed to stat &quot;/home/site/wwwroot/wwwroot\index.html&quot;: Invalid argument (22)
rsync: [generator] recv_generator: failed to stat &quot;/home/site/wwwroot/de\Microsoft.Data.SqlClient.resources.dll&quot;: Invalid argument (22)
rsync: [generator] recv_generator: failed to stat &quot;/home/site/wwwroot/es\Microsoft.Data.SqlClient.resources.dll&quot;: Invalid argument (22)
rsync: [generator] recv_generator: failed to stat &quot;/home/site/wwwroot/wwwroot\assets\index-Bh76j7cs.css&quot;: Invalid argument (22)
rsync: [generator] recv_generator: failed to stat &quot;/home/site/wwwroot/wwwroot\assets\index-D0NB4OjI.js.gz&quot;: Invalid argument (22)
rsync error: some files/attrs were not transferred (see previous errors) (code 23) at main.c(1338) [sender=3.2.7]
rsync error: some files/attrs were not transferred (see previous errors) (code 23) at main.c(1338) [sender=3.2.7]
rsync error: some files/attrs were not transferred (see previous errors) (code 23) at main.c(1338) [sender=3.2.7]
rsync error: some files/attrs were not transferred (see previous errors) (code 23) at main.c(1338) [sender=3.2.7]
rsync error: some files/attrs were not transferred (see previous errors) (code 23) at main.c(1338) [sender=3.2.7]
rsync error: some files/attrs were not transferred (see previous errors) (code 23) at main.c(1338) [sender=3.2.7]
rsync: [generator] recv_generator: failed to stat &quot;/home/site/wwwroot/ja\Microsoft.Data.SqlClient.resources.dll&quot;: Invalid argument (22)
rsync: [generator] recv_generator: failed to stat &quot;/home/site/wwwroot/runtimes\win-x64\native\Microsoft.Data.SqlClient.SNI.dll&quot;: Invalid argument (22)
rsync: [generator] recv_generator: failed to stat &quot;/home/site/wwwroot/wwwroot\assets\index-D0NB4OjI.js&quot;: Invalid argument (22)
rsync: [generator] recv_generator: failed to stat &quot;/home/site/wwwroot/it\Microsoft.Data.SqlClient.resources.dll&quot;: Invalid argument (22)
rsync: [generator] recv_generator: failed to stat &quot;/home/site/wwwroot/runtimes\win-x86\native\Microsoft.Data.SqlClient.SNI.dll&quot;: Invalid argument (22)
rsync: [generator] recv_generator: failed to stat &quot;/home/site/wwwroot/wwwroot\assets\index-Bh76j7cs.css.gz&quot;: Invalid argument (22)
rsync: [generator] recv_generator: failed to stat &quot;/home/site/wwwroot/wwwroot\assets\index-D0NB4OjI.js.br&quot;: Invalid argument (22)
rsync: [generator] recv_generator: failed to stat &quot;/home/site/wwwroot/wwwroot\index.html.gz&quot;: Invalid argument (22)
rsync: [generator] recv_generator: failed to stat &quot;/home/site/wwwroot/ko\Microsoft.Data.SqlClient.resources.dll&quot;: Invalid argument (22)
rsync: [generator] recv_generator: failed to stat &quot;/home/site/wwwroot/runtimes\win\lib\net6.0\System.Diagnostics.PerformanceCounter.dll&quot;: Invalid argument (22)
rsync: [generator] recv_generator: failed to stat &quot;/home/site/wwwroot/runtimes\win\lib\net8.0\Microsoft.Data.SqlClient.dll&quot;: Invalid argument (22)
rsync error: some files/attrs were not transferred (see previous errors) (code 23) at main.c(1338) [sender=3.2.7]
rsync error: some files/attrs were not transferred (see previous errors) (code 23) at main.c(1338) [sender=3.2.7]
rsync: [generator] recv_generator: failed to stat &quot;/home/site/wwwroot/wwwroot\index.html.br&quot;: Invalid argument (22)
rsync: [generator] recv_generator: failed to stat &quot;/home/site/wwwroot/zh-Hant\Microsoft.Data.SqlClient.resources.dll&quot;: Invalid argument (22)
rsync error: some files/attrs were not transferred (see previous errors) (code 23) at main.c(1338) [sender=3.2.7]
rsync error: some files/attrs were not transferred (see previous errors) (code 23) at main.c(1338) [sender=3.2.7]
rsync error: some files/attrs were not transferred (see previous errors) (code 23) at main.c(1338) [sender=3.2.7]
rsync: [generator] recv_generator: failed to stat &quot;/home/site/wwwroot/runtimes\win\lib\net8.0\System.Runtime.Caching.dll&quot;: Invalid argument (22)
rsync: [generator] recv_generator: failed to stat &quot;/home/site/wwwroot/wwwroot\assets\index-Bh76j7cs.css.br&quot;: Invalid argument (22)
rsync: [generator] recv_generator: failed to stat &quot;/home/site/wwwroot/zh-Hans\Microsoft.Data.SqlClient.resources.dll&quot;: Invalid argument (22)
rsync error: some files/attrs were not transferred (see previous errors) (code 23) at main.c(1338) [sender=3.2.7]
rsync error: some files/attrs were not transferred (see previous errors) (code 23) at main.c(1338) [sender=3.2.7]
rsync: [generator] recv_generator: failed to stat &quot;/home/site/wwwroot/fr\Microsoft.Data.SqlClient.resources.dll&quot;: Invalid argument (22)
rsync: [generator] recv_generator: failed to stat &quot;/home/site/wwwroot/runtimes\unix\lib\net8.0\Microsoft.Data.SqlClient.dll&quot;: Invalid argument (22)
rsync: [generator] recv_generator: failed to stat &quot;/home/site/wwwroot/runtimes\win-arm64\native\Microsoft.Data.SqlClient.SNI.dll&quot;: Invalid argument (22)
rsync error: some files/attrs were not transferred (see previous errors) (code 23) at main.c(1338) [sender=3.2.7]
/opt/Kudu/Scripts/starter.sh /opt/Kudu/Scripts/parallel_rsync.sh /tmp/zipdeploy/extracted /home/site/wwwroot 8 /tmp/ False True  " stackTrace="   at Kudu.Core.Infrastructure.Executable.ExecuteInternal(ITracer tracer, Func`2 onWriteOutput, Func`2 onWriteError, CancellationToken token, Encoding encoding, String arguments, Object[] args) in /tmp/KuduLite/Kudu.Core/Infrastructure/Executable.cs:line 239
   at Kudu.Core.Infrastructure.Executable.ExecuteWithProgressWriter(ILogger logger, ITracer tracer, CancellationToken token, String arguments, Object[] args) in /tmp/KuduLite/Kudu.Core/Infrastructure/Executable.cs:line 118
   at Kudu.Core.Deployment.Generator.ExternalCommandBuilder.RunCommand(DeploymentContext context, String command, Boolean ignoreManifest, CancellationToken token, String message) in /tmp/KuduLite/Kudu.Core/Deployment/Generator/ExternalCommandBuilder.cs:line 122" /><!-- duration: 5ms -->
              <step title="Warning" date="2025-11-25T15:43:02.549" type="warning" text="Exception in parallel rsync: ExitCode: 123, Output: Run rsync from: /tmp/zipdeploy/extracted/ to: /home/site/wwwroot/ in 8 parallel threads
Delete options: clean=False, use manifest=True, directory to ignore=
Prev manifest = /opt/Kudu/Scripts/firstDeploymentManifest and next /home/site/deployments/32e21ebb-df2d-43b6-a788-7106c0844687/manifest
Cleaning up /tmp//filelist.txt and /tmp//splits
Creating a list of all files at /tmp//filelist.txt
No directory to exclude.
Created /tmp//filelist.txt. Total number of files to be synced = 71.
Created batches from the list of files. Processing 9 files in each thread
Running rsync for filelist /tmp//splits/split.aa from /tmp/zipdeploy/extracted/ to /home/site/wwwroot/
Running rsync for filelist /tmp//splits/split.ad from /tmp/zipdeploy/extracted/ to /home/site/wwwroot/
Running rsync for filelist /tmp//splits/split.ab from /tmp/zipdeploy/extracted/ to /home/site/wwwroot/
Running rsync for filelist /tmp//splits/split.ae from /tmp/zipdeploy/extracted/ to /home/site/wwwroot/
Running rsync for filelist /tmp//splits/split.af from /tmp/zipdeploy/extracted/ to /home/site/wwwroot/
Running rsync for filelist /tmp//splits/split.ac from /tmp/zipdeploy/extracted/ to /home/site/wwwroot/
Running rsync for filelist /tmp//splits/split.ag from /tmp/zipdeploy/extracted/ to /home/site/wwwroot/
Running rsync for filelist /tmp//splits/split.ah from /tmp/zipdeploy/extracted/ to /home/site/wwwroot/

Number of files: 8 (reg: 8)
Number of created files: 4 (reg: 4)
Number of deleted files: 0
Number of regular files transferred: 4
Total file size: 1.22M bytes
Total transferred file size: 231.49K bytes
Literal data: 231.49K bytes
Matched data: 0 bytes
File list size: 0
File list generation time: 0.028 seconds
File list transfer time: 0.000 seconds
Total bytes sent: 84.00K
Total bytes received: 92

sent 84.00K bytes  received 92 bytes  33.63K bytes/sec
total size is 1.22M  speedup is 14.49
Attempt 1: Rsync for filelist /tmp//splits/split.ah completed with exit code 23

Number of files: 9 (reg: 9)
Number of created files: 5 (reg: 5)
Number of deleted files: 0
Number of regular files transferred: 5
Total file size: 988.80K bytes
Total transferred file size: 174.28K bytes
Literal data: 174.28K bytes
Matched data: 0 bytes
File list size: 0
File list generation time: 0.127 seconds
File list transfer time: 0.000 seconds
Total bytes sent: 73.87K
Total bytes received: 111

sent 73.87K bytes  received 111 bytes  29.59K bytes/sec
total size is 988.80K  speedup is 13.37
Attempt 1: Rsync for filelist /tmp//splits/split.ad completed with exit code 23

Number of files: 8 (reg: 8)
Number of created files: 0
Number of deleted files: 0
Number of regular files transferred: 0
Total file size: 1.22M bytes
Total transferred file size: 0 bytes
Literal data: 0 bytes
Matched data: 0 bytes
File list size: 0
File list generation time: 0.039 seconds
File list transfer time: 0.000 seconds
Total bytes sent: 476
Total bytes received: 28

sent 476 bytes  received 28 bytes  1.01K bytes/sec
total size is 1.22M  speedup is 2,417.89
Attempt 2: Rsync for filelist /tmp//splits/split.ah completed with exit code 23

Number of files: 9 (reg: 9)
Number of created files: 4 (reg: 4)
Number of deleted files: 0
Number of regular files transferred: 4
Total file size: 1.97M bytes
Total transferred file size: 1.07M bytes
Literal data: 1.07M bytes
Matched data: 0 bytes
File list size: 0
File list generation time: 0.367 seconds
File list transfer time: 0.000 seconds
Total bytes sent: 376.40K
Total bytes received: 92

sent 376.40K bytes  received 92 bytes  150.60K bytes/sec
total size is 1.97M  speedup is 5.24

Number of files: 9 (reg: 9)
Number of created files: 6 (reg: 6)
Number of deleted files: 0
Number of regular files transferred: 6
Total file size: 3.37M bytes
Total transferred file size: 1.70M bytes
Literal data: 1.70M bytes
Matched data: 0 bytes
File list size: 0
File list generation time: 0.096 seconds
File list transfer time: 0.000 seconds
Total bytes sent: 478.62K
Total bytes received: 130

sent 478.62K bytes  received 130 bytes  191.50K bytes/sec
total size is 3.37M  speedup is 7.04
Attempt 1: Rsync for filelist /tmp//splits/split.aa completed with exit code 23


Number of files: 9 (reg: 9)
Number of created files: 0
Number of deleted files: 0
Number of regular files transferred: 0
Total file size: 988.80K bytes
Total transferred file size: 0 bytes
Literal data: 0 bytes
Matched data: 0 bytes
File list size: 0
File list generation time: 0.049 seconds
File list transfer time: 0.000 seconds
Total bytes sent: 526
Total bytes received: 31

sent 526 bytes  received 31 bytes  1.11K bytes/sec
total size is 988.80K  speedup is 1,775.22
Attempt 2: Rsync for filelist /tmp//splits/split.ad completed with exit code 23
Attempt 1: Rsync for filelist /tmp//splits/split.ab completed with exit code 23
Number of files: 9 (reg: 9)
Number of created files: 6 (reg: 6)
Number of deleted files: 0
Number of regular files transferred: 6
Total file size: 3.48M bytes
Total transferred file size: 952.27K bytes
Literal data: 952.27K bytes
Matched data: 0 bytes
File list size: 0
File list generation time: 0.349 seconds
File list transfer time: 0.000 seconds
Total bytes sent: 397.75K
Total bytes received: 130

sent 397.75K bytes  received 130 bytes  159.15K bytes/sec
total size is 3.48M  speedup is 8.75

Number of files: 9 (reg: 9)
Number of created files: 7 (reg: 7)
Number of deleted files: 0
Number of regular files transferred: 7
Total file size: 1.65M bytes
Total transferred file size: 1.42M bytes
Literal data: 1.42M bytes
Matched data: 0 bytes
File list size: 0
File list generation time: 0.002 seconds
File list transfer time: 0.000 seconds
Total bytes sent: 541.64K
Total bytes received: 149

sent 541.64K bytes  received 149 bytes  216.72K bytes/sec
total size is 1.65M  speedup is 3.05
Attempt 1: Rsync for filelist /tmp//splits/split.ae completed with exit code 23
Attempt 1: Rsync for filelist /tmp//splits/split.af completed with exit code 23

Number of files: 9 (reg: 9)
Number of created files: 6 (reg: 6)
Number of deleted files: 0
Number of regular files transferred: 6
Total file size: 2.25M bytes
Total transferred file size: 1.93M bytes
Literal data: 1.93M bytes
Matched data: 0 bytes
File list size: 0
File list generation time: 0.106 seconds
File list transfer time: 0.000 seconds
Total bytes sent: 676.04K
Total bytes received: 130

sent 676.04K bytes  received 130 bytes  193.19K bytes/sec
total size is 2.25M  speedup is 3.33
Attempt 1: Rsync for filelist /tmp//splits/split.ac completed with exit code 23

Number of files: 9 (reg: 9)
Number of created files: 0
Number of deleted files: 0
Number of regular files transferred: 0
Total file size: 3.37M bytes
Total transferred file size: 0 bytes
Literal data: 0 bytes
Matched data: 0 bytes
File list size: 0
File list generation time: 0.128 seconds
File list transfer time: 0.000 seconds
Total bytes sent: 457
Total bytes received: 34

sent 457 bytes  received 34 bytes  327.33 bytes/sec
total size is 3.37M  speedup is 6,859.95
Attempt 2: Rsync for filelist /tmp//splits/split.aa completed with exit code 23

Number of files: 9 (reg: 9)
Number of created files: 0
Number of deleted files: 0
Number of regular files transferred: 0
Total file size: 1.97M bytes
Total transferred file size: 0 bytes
Literal data: 0 bytes
Matched data: 0 bytes
File list size: 0
File list generation time: 0.117 seconds
File list transfer time: 0.000 seconds
Total bytes sent: 509
Total bytes received: 28

sent 509 bytes  received 28 bytes  358.00 bytes/sec
total size is 1.97M  speedup is 3,671.87
Attempt 2: Rsync for filelist /tmp//splits/split.ab completed with exit code 23

Number of files: 9 (reg: 9)
Number of created files: 0
Number of deleted files: 0
Number of regular files transferred: 0
Total file size: 3.48M bytes
Total transferred file size: 0 bytes
Literal data: 0 bytes
Matched data: 0 bytes
File list size: 0
File list generation time: 0.002 seconds
File list transfer time: 0.000 seconds
Total bytes sent: 518
Total bytes received: 34

sent 518 bytes  received 34 bytes  1.10K bytes/sec
total size is 3.48M  speedup is 6,304.13
Attempt 2: Rsync for filelist /tmp//splits/split.ae completed with exit code 23

Number of files: 9 (reg: 9)
Number of created files: 0
Number of deleted files: 0
Number of regular files transferred: 0
Total file size: 1.65M bytes
Total transferred file size: 0 bytes
Literal data: 0 bytes
Matched data: 0 bytes
File list size: 0
File list generation time: 0.049 seconds
File list transfer time: 0.000 seconds
Total bytes sent: 510
Total bytes received: 37

sent 510 bytes  received 37 bytes  1.09K bytes/sec
total size is 1.65M  speedup is 3,016.91
Attempt 2: Rsync for filelist /tmp//splits/split.af completed with exit code 23

Number of files: 9 (reg: 9)
Number of created files: 0
Number of deleted files: 0
Number of regular files transferred: 0
Total file size: 2.25M bytes
Total transferred file size: 0 bytes
Literal data: 0 bytes
Matched data: 0 bytes
File list size: 0
File list generation time: 0.001 seconds
File list transfer time: 0.000 seconds
Total bytes sent: 499
Total bytes received: 34

sent 499 bytes  received 34 bytes  1.07K bytes/sec
total size is 2.25M  speedup is 4,230.00
Attempt 2: Rsync for filelist /tmp//splits/split.ac completed with exit code 23

Number of files: 9 (reg: 9)
Number of created files: 6 (reg: 6)
Number of deleted files: 0
Number of regular files transferred: 6
Total file size: 11.25M bytes
Total transferred file size: 8.40M bytes
Literal data: 8.40M bytes
Matched data: 0 bytes
File list size: 0
File list generation time: 0.001 seconds
File list transfer time: 0.000 seconds
Total bytes sent: 2.32M
Total bytes received: 130

sent 2.32M bytes  received 130 bytes  516.03K bytes/sec
total size is 11.25M  speedup is 4.84
Attempt 1: Rsync for filelist /tmp//splits/split.ag completed with exit code 23

Number of files: 9 (reg: 9)
Number of created files: 0
Number of deleted files: 0
Number of regular files transferred: 0
Total file size: 11.25M bytes
Total transferred file size: 0 bytes
Literal data: 0 bytes
Matched data: 0 bytes
File list size: 0
File list generation time: 0.007 seconds
File list transfer time: 0.000 seconds
Total bytes sent: 528
Total bytes received: 34

sent 528 bytes  received 34 bytes  1.12K bytes/sec
total size is 11.25M  speedup is 20,015.30
Attempt 2: Rsync for filelist /tmp//splits/split.ag completed with exit code 23
An error has occurred during web site deployment.
Rsync failed in 5 seconds, Error: rsync: [generator] recv_generator: failed to stat &quot;/home/site/wwwroot/wwwroot\index.html.br&quot;: Invalid argument (22)
rsync: [generator] recv_generator: failed to stat &quot;/home/site/wwwroot/zh-Hant\Microsoft.Data.SqlClient.resources.dll&quot;: Invalid argument (22)
rsync: [generator] recv_generator: failed to stat &quot;/home/site/wwwroot/fr\Microsoft.Data.SqlClient.resources.dll&quot;: Invalid argument (22)
rsync: [generator] recv_generator: failed to stat &quot;/home/site/wwwroot/runtimes\unix\lib\net8.0\Microsoft.Data.SqlClient.dll&quot;: Invalid argument (22)
rsync: [generator] recv_generator: failed to stat &quot;/home/site/wwwroot/runtimes\win-arm64\native\Microsoft.Data.SqlClient.SNI.dll&quot;: Invalid argument (22)
rsync: [generator] recv_generator: failed to stat &quot;/home/site/wwwroot/ja\Microsoft.Data.SqlClient.resources.dll&quot;: Invalid argument (22)
rsync: [generator] recv_generator: failed to stat &quot;/home/site/wwwroot/runtimes\win-x64\native\Microsoft.Data.SqlClient.SNI.dll&quot;: Invalid argument (22)
rsync: [generator] recv_generator: failed to stat &quot;/home/site/wwwroot/wwwroot\assets\index-D0NB4OjI.js&quot;: Invalid argument (22)
rsync: [generator] recv_generator: failed to stat &quot;/home/site/wwwroot/runtimes\win\lib\net8.0\System.Runtime.Caching.dll&quot;: Invalid argument (22)
rsync: [generator] recv_generator: failed to stat &quot;/home/site/wwwroot/wwwroot\assets\index-Bh76j7cs.css.br&quot;: Invalid argument (22)
rsync: [generator] recv_generator: failed to stat &quot;/home/site/wwwroot/zh-Hans\Microsoft.Data.SqlClient.resources.dll&quot;: Invalid argument (22)
rsync: [generator] recv_generator: failed to stat &quot;/home/site/wwwroot/it\Microsoft.Data.SqlClient.resources.dll&quot;: Invalid argument (22)
rsync: [generator] recv_generator: failed to stat &quot;/home/site/wwwroot/runtimes\win-x86\native\Microsoft.Data.SqlClient.SNI.dll&quot;: Invalid argument (22)
rsync: [generator] recv_generator: failed to stat &quot;/home/site/wwwroot/wwwroot\assets\index-Bh76j7cs.css.gz&quot;: Invalid argument (22)
rsync: [generator] recv_generator: failed to stat &quot;/home/site/wwwroot/wwwroot\assets\index-D0NB4OjI.js.br&quot;: Invalid argument (22)
rsync: [generator] recv_generator: failed to stat &quot;/home/site/wwwroot/wwwroot\index.html.gz&quot;: Invalid argument (22)
rsync: [generator] recv_generator: failed to stat &quot;/home/site/wwwroot/pt-BR\Microsoft.Data.SqlClient.resources.dll&quot;: Invalid argument (22)
rsync: [generator] recv_generator: failed to stat &quot;/home/site/wwwroot/ru\Microsoft.Data.SqlClient.resources.dll&quot;: Invalid argument (22)
rsync: [generator] recv_generator: failed to stat &quot;/home/site/wwwroot/runtimes\win-arm\native\Microsoft.Data.SqlClient.SNI.dll&quot;: Invalid argument (22)
rsync: [generator] recv_generator: failed to stat &quot;/home/site/wwwroot/wwwroot\index.html&quot;: Invalid argument (22)
rsync: [generator] recv_generator: failed to stat &quot;/home/site/wwwroot/ko\Microsoft.Data.SqlClient.resources.dll&quot;: Invalid argument (22)
rsync: [generator] recv_generator: failed to stat &quot;/home/site/wwwroot/runtimes\win\lib\net6.0\System.Diagnostics.PerformanceCounter.dll&quot;: Invalid argument (22)
rsync: [generator] recv_generator: failed to stat &quot;/home/site/wwwroot/runtimes\win\lib\net8.0\Microsoft.Data.SqlClient.dll&quot;: Invalid argument (22)
rsync: [generator] recv_generator: failed to stat &quot;/home/site/wwwroot/de\Microsoft.Data.SqlClient.resources.dll&quot;: Invalid argument (22)
rsync: [generator] recv_generator: failed to stat &quot;/home/site/wwwroot/es\Microsoft.Data.SqlClient.resources.dll&quot;: Invalid argument (22)
rsync: [generator] recv_generator: failed to stat &quot;/home/site/wwwroot/wwwroot\assets\index-Bh76j7cs.css&quot;: Invalid argument (22)
rsync: [generator] recv_generator: failed to stat &quot;/home/site/wwwroot/wwwroot\assets\index-D0NB4OjI.js.gz&quot;: Invalid argument (22)
rsync error: some files/attrs were not transferred (see previous errors) (code 23) at main.c(1338) [sender=3.2.7]
rsync error: some files/attrs were not transferred (see previous errors) (code 23) at main.c(1338) [sender=3.2.7]
rsync: [generator] recv_generator: failed to stat &quot;/home/site/wwwroot/pt-BR\Microsoft.Data.SqlClient.resources.dll&quot;: Invalid argument (22)
rsync: [generator] recv_generator: failed to stat &quot;/home/site/wwwroot/ru\Microsoft.Data.SqlClient.resources.dll&quot;: Invalid argument (22)
rsync: [generator] recv_generator: failed to stat &quot;/home/site/wwwroot/runtimes\win-arm\native\Microsoft.Data.SqlClient.SNI.dll&quot;: Invalid argument (22)
rsync: [generator] recv_generator: failed to stat &quot;/home/site/wwwroot/wwwroot\index.html&quot;: Invalid argument (22)
rsync: [generator] recv_generator: failed to stat &quot;/home/site/wwwroot/de\Microsoft.Data.SqlClient.resources.dll&quot;: Invalid argument (22)
rsync: [generator] recv_generator: failed to stat &quot;/home/site/wwwroot/es\Microsoft.Data.SqlClient.resources.dll&quot;: Invalid argument (22)
rsync: [generator] recv_generator: failed to stat &quot;/home/site/wwwroot/wwwroot\assets\index-Bh76j7cs.css&quot;: Invalid argument (22)
rsync: [generator] recv_generator: failed to stat &quot;/home/site/wwwroot/wwwroot\assets\index-D0NB4OjI.js.gz&quot;: Invalid argument (22)
rsync error: some files/attrs were not transferred (see previous errors) (code 23) at main.c(1338) [sender=3.2.7]
rsync error: some files/attrs were not transferred (see previous errors) (code 23) at main.c(1338) [sender=3.2.7]
rsync error: some files/attrs were not transferred (see previous errors) (code 23) at main.c(1338) [sender=3.2.7]
rsync error: some files/attrs were not transferred (see previous errors) (code 23) at main.c(1338) [sender=3.2.7]
rsync error: some files/attrs were not transferred (see previous errors) (code 23) at main.c(1338) [sender=3.2.7]
rsync error: some files/attrs were not transferred (see previous errors) (code 23) at main.c(1338) [sender=3.2.7]
rsync: [generator] recv_generator: failed to stat &quot;/home/site/wwwroot/ja\Microsoft.Data.SqlClient.resources.dll&quot;: Invalid argument (22)
rsync: [generator] recv_generator: failed to stat &quot;/home/site/wwwroot/runtimes\win-x64\native\Microsoft.Data.SqlClient.SNI.dll&quot;: Invalid argument (22)
rsync: [generator] recv_generator: failed to stat &quot;/home/site/wwwroot/wwwroot\assets\index-D0NB4OjI.js&quot;: Invalid argument (22)
rsync: [generator] recv_generator: failed to stat &quot;/home/site/wwwroot/it\Microsoft.Data.SqlClient.resources.dll&quot;: Invalid argument (22)
rsync: [generator] recv_generator: failed to stat &quot;/home/site/wwwroot/runtimes\win-x86\native\Microsoft.Data.SqlClient.SNI.dll&quot;: Invalid argument (22)
rsync: [generator] recv_generator: failed to stat &quot;/home/site/wwwroot/wwwroot\assets\index-Bh76j7cs.css.gz&quot;: Invalid argument (22)
rsync: [generator] recv_generator: failed to stat &quot;/home/site/wwwroot/wwwroot\assets\index-D0NB4OjI.js.br&quot;: Invalid argument (22)
rsync: [generator] recv_generator: failed to stat &quot;/home/site/wwwroot/wwwroot\index.html.gz&quot;: Invalid argument (22)
rsync: [generator] recv_generator: failed to stat &quot;/home/site/wwwroot/ko\Microsoft.Data.SqlClient.resources.dll&quot;: Invalid argument (22)
rsync: [generator] recv_generator: failed to stat &quot;/home/site/wwwroot/runtimes\win\lib\net6.0\System.Diagnostics.PerformanceCounter.dll&quot;: Invalid argument (22)
rsync: [generator] recv_generator: failed to stat &quot;/home/site/wwwroot/runtimes\win\lib\net8.0\Microsoft.Data.SqlClient.dll&quot;: Invalid argument (22)
rsync error: some files/attrs were not transferred (see previous errors) (code 23) at main.c(1338) [sender=3.2.7]
rsync error: some files/attrs were not transferred (see previous errors) (code 23) at main.c(1338) [sender=3.2.7]
rsync: [generator] recv_generator: failed to stat &quot;/home/site/wwwroot/wwwroot\index.html.br&quot;: Invalid argument (22)
rsync: [generator] recv_generator: failed to stat &quot;/home/site/wwwroot/zh-Hant\Microsoft.Data.SqlClient.resources.dll&quot;: Invalid argument (22)
rsync error: some files/attrs were not transferred (see previous errors) (code 23) at main.c(1338) [sender=3.2.7]
rsync error: some files/attrs were not transferred (see previous errors) (code 23) at main.c(1338) [sender=3.2.7]
rsync error: some files/attrs were not transferred (see previous errors) (code 23) at main.c(1338) [sender=3.2.7]
rsync: [generator] recv_generator: failed to stat &quot;/home/site/wwwroot/runtimes\win\lib\net8.0\System.Runtime.Caching.dll&quot;: Invalid argument (22)
rsync: [generator] recv_generator: failed to stat &quot;/home/site/wwwroot/wwwroot\assets\index-Bh76j7cs.css.br&quot;: Invalid argument (22)
rsync: [generator] recv_generator: failed to stat &quot;/home/site/wwwroot/zh-Hans\Microsoft.Data.SqlClient.resources.dll&quot;: Invalid argument (22)
rsync error: some files/attrs were not transferred (see previous errors) (code 23) at main.c(1338) [sender=3.2.7]
rsync error: some files/attrs were not transferred (see previous errors) (code 23) at main.c(1338) [sender=3.2.7]
rsync: [generator] recv_generator: failed to stat &quot;/home/site/wwwroot/fr\Microsoft.Data.SqlClient.resources.dll&quot;: Invalid argument (22)
rsync: [generator] recv_generator: failed to stat &quot;/home/site/wwwroot/runtimes\unix\lib\net8.0\Microsoft.Data.SqlClient.dll&quot;: Invalid argument (22)
rsync: [generator] recv_generator: failed to stat &quot;/home/site/wwwroot/runtimes\win-arm64\native\Microsoft.Data.SqlClient.SNI.dll&quot;: Invalid argument (22)
rsync error: some files/attrs were not transferred (see previous errors) (code 23) at main.c(1338) [sender=3.2.7], Kudu.Core.Infrastructure.CommandLineException: rsync: [generator] recv_generator: failed to stat &quot;/home/site/wwwroot/wwwroot\index.html.br&quot;: Invalid argument (22)
rsync: [generator] recv_generator: failed to stat &quot;/home/site/wwwroot/zh-Hant\Microsoft.Data.SqlClient.resources.dll&quot;: Invalid argument (22)
rsync: [generator] recv_generator: failed to stat &quot;/home/site/wwwroot/fr\Microsoft.Data.SqlClient.resources.dll&quot;: Invalid argument (22)
rsync: [generator] recv_generator: failed to stat &quot;/home/site/wwwroot/runtimes\unix\lib\net8.0\Microsoft.Data.SqlClient.dll&quot;: Invalid argument (22)
rsync: [generator] recv_generator: failed to stat &quot;/home/site/wwwroot/runtimes\win-arm64\native\Microsoft.Data.SqlClient.SNI.dll&quot;: Invalid argument (22)
rsync: [generator] recv_generator: failed to stat &quot;/home/site/wwwroot/ja\Microsoft.Data.SqlClient.resources.dll&quot;: Invalid argument (22)
rsync: [generator] recv_generator: failed to stat &quot;/home/site/wwwroot/runtimes\win-x64\native\Microsoft.Data.SqlClient.SNI.dll&quot;: Invalid argument (22)
rsync: [generator] recv_generator: failed to stat &quot;/home/site/wwwroot/wwwroot\assets\index-D0NB4OjI.js&quot;: Invalid argument (22)
rsync: [generator] recv_generator: failed to stat &quot;/home/site/wwwroot/runtimes\win\lib\net8.0\System.Runtime.Caching.dll&quot;: Invalid argument (22)
rsync: [generator] recv_generator: failed to stat &quot;/home/site/wwwroot/wwwroot\assets\index-Bh76j7cs.css.br&quot;: Invalid argument (22)
rsync: [generator] recv_generator: failed to stat &quot;/home/site/wwwroot/zh-Hans\Microsoft.Data.SqlClient.resources.dll&quot;: Invalid argument (22)
rsync: [generator] recv_generator: failed to stat &quot;/home/site/wwwroot/it\Microsoft.Data.SqlClient.resources.dll&quot;: Invalid argument (22)
rsync: [generator] recv_generator: failed to stat &quot;/home/site/wwwroot/runtimes\win-x86\native\Microsoft.Data.SqlClient.SNI.dll&quot;: Invalid argument (22)
rsync: [generator] recv_generator: failed to stat &quot;/home/site/wwwroot/wwwroot\assets\index-Bh76j7cs.css.gz&quot;: Invalid argument (22)
rsync: [generator] recv_generator: failed to stat &quot;/home/site/wwwroot/wwwroot\assets\index-D0NB4OjI.js.br&quot;: Invalid argument (22)
rsync: [generator] recv_generator: failed to stat &quot;/home/site/wwwroot/wwwroot\index.html.gz&quot;: Invalid argument (22)
rsync: [generator] recv_generator: failed to stat &quot;/home/site/wwwroot/pt-BR\Microsoft.Data.SqlClient.resources.dll&quot;: Invalid argument (22)
rsync: [generator] recv_generator: failed to stat &quot;/home/site/wwwroot/ru\Microsoft.Data.SqlClient.resources.dll&quot;: Invalid argument (22)
rsync: [generator] recv_generator: failed to stat &quot;/home/site/wwwroot/runtimes\win-arm\native\Microsoft.Data.SqlClient.SNI.dll&quot;: Invalid argument (22)
rsync: [generator] recv_generator: failed to stat &quot;/home/site/wwwroot/wwwroot\index.html&quot;: Invalid argument (22)
rsync: [generator] recv_generator: failed to stat &quot;/home/site/wwwroot/ko\Microsoft.Data.SqlClient.resources.dll&quot;: Invalid argument (22)
rsync: [generator] recv_generator: failed to stat &quot;/home/site/wwwroot/runtimes\win\lib\net6.0\System.Diagnostics.PerformanceCounter.dll&quot;: Invalid argument (22)
rsync: [generator] recv_generator: failed to stat &quot;/home/site/wwwroot/runtimes\win\lib\net8.0\Microsoft.Data.SqlClient.dll&quot;: Invalid argument (22)
rsync: [generator] recv_generator: failed to stat &quot;/home/site/wwwroot/de\Microsoft.Data.SqlClient.resources.dll&quot;: Invalid argument (22)
rsync: [generator] recv_generator: failed to stat &quot;/home/site/wwwroot/es\Microsoft.Data.SqlClient.resources.dll&quot;: Invalid argument (22)
rsync: [generator] recv_generator: failed to stat &quot;/home/site/wwwroot/wwwroot\assets\index-Bh76j7cs.css&quot;: Invalid argument (22)
rsync: [generator] recv_generator: failed to stat &quot;/home/site/wwwroot/wwwroot\assets\index-D0NB4OjI.js.gz&quot;: Invalid argument (22)
rsync error: some files/attrs were not transferred (see previous errors) (code 23) at main.c(1338) [sender=3.2.7]
rsync error: some files/attrs were not transferred (see previous errors) (code 23) at main.c(1338) [sender=3.2.7]
rsync: [generator] recv_generator: failed to stat &quot;/home/site/wwwroot/pt-BR\Microsoft.Data.SqlClient.resources.dll&quot;: Invalid argument (22)
rsync: [generator] recv_generator: failed to stat &quot;/home/site/wwwroot/ru\Microsoft.Data.SqlClient.resources.dll&quot;: Invalid argument (22)
rsync: [generator] recv_generator: failed to stat &quot;/home/site/wwwroot/runtimes\win-arm\native\Microsoft.Data.SqlClient.SNI.dll&quot;: Invalid argument (22)
rsync: [generator] recv_generator: failed to stat &quot;/home/site/wwwroot/wwwroot\index.html&quot;: Invalid argument (22)
rsync: [generator] recv_generator: failed to stat &quot;/home/site/wwwroot/de\Microsoft.Data.SqlClient.resources.dll&quot;: Invalid argument (22)
rsync: [generator] recv_generator: failed to stat &quot;/home/site/wwwroot/es\Microsoft.Data.SqlClient.resources.dll&quot;: Invalid argument (22)
rsync: [generator] recv_generator: failed to stat &quot;/home/site/wwwroot/wwwroot\assets\index-Bh76j7cs.css&quot;: Invalid argument (22)
rsync: [generator] recv_generator: failed to stat &quot;/home/site/wwwroot/wwwroot\assets\index-D0NB4OjI.js.gz&quot;: Invalid argument (22)
rsync error: some files/attrs were not transferred (see previous errors) (code 23) at main.c(1338) [sender=3.2.7]
rsync error: some files/attrs were not transferred (see previous errors) (code 23) at main.c(1338) [sender=3.2.7]
rsync error: some files/attrs were not transferred (see previous errors) (code 23) at main.c(1338) [sender=3.2.7]
rsync error: some files/attrs were not transferred (see previous errors) (code 23) at main.c(1338) [sender=3.2.7]
rsync error: some files/attrs were not transferred (see previous errors) (code 23) at main.c(1338) [sender=3.2.7]
rsync error: some files/attrs were not transferred (see previous errors) (code 23) at main.c(1338) [sender=3.2.7]
rsync: [generator] recv_generator: failed to stat &quot;/home/site/wwwroot/ja\Microsoft.Data.SqlClient.resources.dll&quot;: Invalid argument (22)
rsync: [generator] recv_generator: failed to stat &quot;/home/site/wwwroot/runtimes\win-x64\native\Microsoft.Data.SqlClient.SNI.dll&quot;: Invalid argument (22)
rsync: [generator] recv_generator: failed to stat &quot;/home/site/wwwroot/wwwroot\assets\index-D0NB4OjI.js&quot;: Invalid argument (22)
rsync: [generator] recv_generator: failed to stat &quot;/home/site/wwwroot/it\Microsoft.Data.SqlClient.resources.dll&quot;: Invalid argument (22)
rsync: [generator] recv_generator: failed to stat &quot;/home/site/wwwroot/runtimes\win-x86\native\Microsoft.Data.SqlClient.SNI.dll&quot;: Invalid argument (22)
rsync: [generator] recv_generator: failed to stat &quot;/home/site/wwwroot/wwwroot\assets\index-Bh76j7cs.css.gz&quot;: Invalid argument (22)
rsync: [generator] recv_generator: failed to stat &quot;/home/site/wwwroot/wwwroot\assets\index-D0NB4OjI.js.br&quot;: Invalid argument (22)
rsync: [generator] recv_generator: failed to stat &quot;/home/site/wwwroot/wwwroot\index.html.gz&quot;: Invalid argument (22)
rsync: [generator] recv_generator: failed to stat &quot;/home/site/wwwroot/ko\Microsoft.Data.SqlClient.resources.dll&quot;: Invalid argument (22)
rsync: [generator] recv_generator: failed to stat &quot;/home/site/wwwroot/runtimes\win\lib\net6.0\System.Diagnostics.PerformanceCounter.dll&quot;: Invalid argument (22)
rsync: [generator] recv_generator: failed to stat &quot;/home/site/wwwroot/runtimes\win\lib\net8.0\Microsoft.Data.SqlClient.dll&quot;: Invalid argument (22)
rsync error: some files/attrs were not transferred (see previous errors) (code 23) at main.c(1338) [sender=3.2.7]
rsync error: some files/attrs were not transferred (see previous errors) (code 23) at main.c(1338) [sender=3.2.7]
rsync: [generator] recv_generator: failed to stat &quot;/home/site/wwwroot/wwwroot\index.html.br&quot;: Invalid argument (22)
rsync: [generator] recv_generator: failed to stat &quot;/home/site/wwwroot/zh-Hant\Microsoft.Data.SqlClient.resources.dll&quot;: Invalid argument (22)
rsync error: some files/attrs were not transferred (see previous errors) (code 23) at main.c(1338) [sender=3.2.7]
rsync error: some files/attrs were not transferred (see previous errors) (code 23) at main.c(1338) [sender=3.2.7]
rsync error: some files/attrs were not transferred (see previous errors) (code 23) at main.c(1338) [sender=3.2.7]
rsync: [generator] recv_generator: failed to stat &quot;/home/site/wwwroot/runtimes\win\lib\net8.0\System.Runtime.Caching.dll&quot;: Invalid argument (22)
rsync: [generator] recv_generator: failed to stat &quot;/home/site/wwwroot/wwwroot\assets\index-Bh76j7cs.css.br&quot;: Invalid argument (22)
rsync: [generator] recv_generator: failed to stat &quot;/home/site/wwwroot/zh-Hans\Microsoft.Data.SqlClient.resources.dll&quot;: Invalid argument (22)
rsync error: some files/attrs were not transferred (see previous errors) (code 23) at main.c(1338) [sender=3.2.7]
rsync error: some files/attrs were not transferred (see previous errors) (code 23) at main.c(1338) [sender=3.2.7]
rsync: [generator] recv_generator: failed to stat &quot;/home/site/wwwroot/fr\Microsoft.Data.SqlClient.resources.dll&quot;: Invalid argument (22)
rsync: [generator] recv_generator: failed to stat &quot;/home/site/wwwroot/runtimes\unix\lib\net8.0\Microsoft.Data.SqlClient.dll&quot;: Invalid argument (22)
rsync: [generator] recv_generator: failed to stat &quot;/home/site/wwwroot/runtimes\win-arm64\native\Microsoft.Data.SqlClient.SNI.dll&quot;: Invalid argument (22)
rsync error: some files/attrs were not transferred (see previous errors) (code 23) at main.c(1338) [sender=3.2.7]
/opt/Kudu/Scripts/starter.sh /opt/Kudu/Scripts/parallel_rsync.sh /tmp/zipdeploy/extracted /home/site/wwwroot 8 /tmp/ False True  
   at Kudu.Core.Infrastructure.Executable.ExecuteInternal(ITracer tracer, Func`2 onWriteOutput, Func`2 onWriteError, CancellationToken token, Encoding encoding, String arguments, Object[] args) in /tmp/KuduLite/Kudu.Core/Infrastructure/Executable.cs:line 239
   at Kudu.Core.Infrastructure.Executable.ExecuteWithProgressWriter(ILogger logger, ITracer tracer, CancellationToken token, String arguments, Object[] args) in /tmp/KuduLite/Kudu.Core/Infrastructure/Executable.cs:line 118
   at Kudu.Core.Deployment.Generator.ExternalCommandBuilder.RunCommand(DeploymentContext context, String command, Boolean ignoreManifest, CancellationToken token, String message) in /tmp/KuduLite/Kudu.Core/Deployment/Generator/ExternalCommandBuilder.cs:line 122
   at Kudu.Core.Deployment.Generator.GeneratorSiteBuilder.Build(DeploymentContext context, CancellationToken token) in /tmp/KuduLite/Kudu.Core/Deployment/Generator/GeneratorSiteBuilder.cs:line 70" /><!-- duration: 11ms -->
              <step title="Error occurred" date="2025-11-25T15:43:02.581" type="error" text="rsync: [generator] recv_generator: failed to stat &quot;/home/site/wwwroot/wwwroot\index.html.br&quot;: Invalid argument (22)
rsync: [generator] recv_generator: failed to stat &quot;/home/site/wwwroot/zh-Hant\Microsoft.Data.SqlClient.resources.dll&quot;: Invalid argument (22)
rsync: [generator] recv_generator: failed to stat &quot;/home/site/wwwroot/fr\Microsoft.Data.SqlClient.resources.dll&quot;: Invalid argument (22)
rsync: [generator] recv_generator: failed to stat &quot;/home/site/wwwroot/runtimes\unix\lib\net8.0\Microsoft.Data.SqlClient.dll&quot;: Invalid argument (22)
rsync: [generator] recv_generator: failed to stat &quot;/home/site/wwwroot/runtimes\win-arm64\native\Microsoft.Data.SqlClient.SNI.dll&quot;: Invalid argument (22)
rsync: [generator] recv_generator: failed to stat &quot;/home/site/wwwroot/ja\Microsoft.Data.SqlClient.resources.dll&quot;: Invalid argument (22)
rsync: [generator] recv_generator: failed to stat &quot;/home/site/wwwroot/runtimes\win-x64\native\Microsoft.Data.SqlClient.SNI.dll&quot;: Invalid argument (22)
rsync: [generator] recv_generator: failed to stat &quot;/home/site/wwwroot/wwwroot\assets\index-D0NB4OjI.js&quot;: Invalid argument (22)
rsync: [generator] recv_generator: failed to stat &quot;/home/site/wwwroot/runtimes\win\lib\net8.0\System.Runtime.Caching.dll&quot;: Invalid argument (22)
rsync: [generator] recv_generator: failed to stat &quot;/home/site/wwwroot/wwwroot\assets\index-Bh76j7cs.css.br&quot;: Invalid argument (22)
rsync: [generator] recv_generator: failed to stat &quot;/home/site/wwwroot/zh-Hans\Microsoft.Data.SqlClient.resources.dll&quot;: Invalid argument (22)
rsync: [generator] recv_generator: failed to stat &quot;/home/site/wwwroot/it\Microsoft.Data.SqlClient.resources.dll&quot;: Invalid argument (22)
rsync: [generator] recv_generator: failed to stat &quot;/home/site/wwwroot/runtimes\win-x86\native\Microsoft.Data.SqlClient.SNI.dll&quot;: Invalid argument (22)
rsync: [generator] recv_generator: failed to stat &quot;/home/site/wwwroot/wwwroot\assets\index-Bh76j7cs.css.gz&quot;: Invalid argument (22)
rsync: [generator] recv_generator: failed to stat &quot;/home/site/wwwroot/wwwroot\assets\index-D0NB4OjI.js.br&quot;: Invalid argument (22)
rsync: [generator] recv_generator: failed to stat &quot;/home/site/wwwroot/wwwroot\index.html.gz&quot;: Invalid argument (22)
rsync: [generator] recv_generator: failed to stat &quot;/home/site/wwwroot/pt-BR\Microsoft.Data.SqlClient.resources.dll&quot;: Invalid argument (22)
rsync: [generator] recv_generator: failed to stat &quot;/home/site/wwwroot/ru\Microsoft.Data.SqlClient.resources.dll&quot;: Invalid argument (22)
rsync: [generator] recv_generator: failed to stat &quot;/home/site/wwwroot/runtimes\win-arm\native\Microsoft.Data.SqlClient.SNI.dll&quot;: Invalid argument (22)
rsync: [generator] recv_generator: failed to stat &quot;/home/site/wwwroot/wwwroot\index.html&quot;: Invalid argument (22)
rsync: [generator] recv_generator: failed to stat &quot;/home/site/wwwroot/ko\Microsoft.Data.SqlClient.resources.dll&quot;: Invalid argument (22)
rsync: [generator] recv_generator: failed to stat &quot;/home/site/wwwroot/runtimes\win\lib\net6.0\System.Diagnostics.PerformanceCounter.dll&quot;: Invalid argument (22)
rsync: [generator] recv_generator: failed to stat &quot;/home/site/wwwroot/runtimes\win\lib\net8.0\Microsoft.Data.SqlClient.dll&quot;: Invalid argument (22)
rsync: [generator] recv_generator: failed to stat &quot;/home/site/wwwroot/de\Microsoft.Data.SqlClient.resources.dll&quot;: Invalid argument (22)
rsync: [generator] recv_generator: failed to stat &quot;/home/site/wwwroot/es\Microsoft.Data.SqlClient.resources.dll&quot;: Invalid argument (22)
rsync: [generator] recv_generator: failed to stat &quot;/home/site/wwwroot/wwwroot\assets\index-Bh76j7cs.css&quot;: Invalid argument (22)
rsync: [generator] recv_generator: failed to stat &quot;/home/site/wwwroot/wwwroot\assets\index-D0NB4OjI.js.gz&quot;: Invalid argument (22)
rsync error: some files/attrs were not transferred (see previous errors) (code 23) at main.c(1338) [sender=3.2.7]
rsync error: some files/attrs were not transferred (see previous errors) (code 23) at main.c(1338) [sender=3.2.7]
rsync: [generator] recv_generator: failed to stat &quot;/home/site/wwwroot/pt-BR\Microsoft.Data.SqlClient.resources.dll&quot;: Invalid argument (22)
rsync: [generator] recv_generator: failed to stat &quot;/home/site/wwwroot/ru\Microsoft.Data.SqlClient.resources.dll&quot;: Invalid argument (22)
rsync: [generator] recv_generator: failed to stat &quot;/home/site/wwwroot/runtimes\win-arm\native\Microsoft.Data.SqlClient.SNI.dll&quot;: Invalid argument (22)
rsync: [generator] recv_generator: failed to stat &quot;/home/site/wwwroot/wwwroot\index.html&quot;: Invalid argument (22)
rsync: [generator] recv_generator: failed to stat &quot;/home/site/wwwroot/de\Microsoft.Data.SqlClient.resources.dll&quot;: Invalid argument (22)
rsync: [generator] recv_generator: failed to stat &quot;/home/site/wwwroot/es\Microsoft.Data.SqlClient.resources.dll&quot;: Invalid argument (22)
rsync: [generator] recv_generator: failed to stat &quot;/home/site/wwwroot/wwwroot\assets\index-Bh76j7cs.css&quot;: Invalid argument (22)
rsync: [generator] recv_generator: failed to stat &quot;/home/site/wwwroot/wwwroot\assets\index-D0NB4OjI.js.gz&quot;: Invalid argument (22)
rsync error: some files/attrs were not transferred (see previous errors) (code 23) at main.c(1338) [sender=3.2.7]
rsync error: some files/attrs were not transferred (see previous errors) (code 23) at main.c(1338) [sender=3.2.7]
rsync error: some files/attrs were not transferred (see previous errors) (code 23) at main.c(1338) [sender=3.2.7]
rsync error: some files/attrs were not transferred (see previous errors) (code 23) at main.c(1338) [sender=3.2.7]
rsync error: some files/attrs were not transferred (see previous errors) (code 23) at main.c(1338) [sender=3.2.7]
rsync error: some files/attrs were not transferred (see previous errors) (code 23) at main.c(1338) [sender=3.2.7]
rsync: [generator] recv_generator: failed to stat &quot;/home/site/wwwroot/ja\Microsoft.Data.SqlClient.resources.dll&quot;: Invalid argument (22)
rsync: [generator] recv_generator: failed to stat &quot;/home/site/wwwroot/runtimes\win-x64\native\Microsoft.Data.SqlClient.SNI.dll&quot;: Invalid argument (22)
rsync: [generator] recv_generator: failed to stat &quot;/home/site/wwwroot/wwwroot\assets\index-D0NB4OjI.js&quot;: Invalid argument (22)
rsync: [generator] recv_generator: failed to stat &quot;/home/site/wwwroot/it\Microsoft.Data.SqlClient.resources.dll&quot;: Invalid argument (22)
rsync: [generator] recv_generator: failed to stat &quot;/home/site/wwwroot/runtimes\win-x86\native\Microsoft.Data.SqlClient.SNI.dll&quot;: Invalid argument (22)
rsync: [generator] recv_generator: failed to stat &quot;/home/site/wwwroot/wwwroot\assets\index-Bh76j7cs.css.gz&quot;: Invalid argument (22)
rsync: [generator] recv_generator: failed to stat &quot;/home/site/wwwroot/wwwroot\assets\index-D0NB4OjI.js.br&quot;: Invalid argument (22)
rsync: [generator] recv_generator: failed to stat &quot;/home/site/wwwroot/wwwroot\index.html.gz&quot;: Invalid argument (22)
rsync: [generator] recv_generator: failed to stat &quot;/home/site/wwwroot/ko\Microsoft.Data.SqlClient.resources.dll&quot;: Invalid argument (22)
rsync: [generator] recv_generator: failed to stat &quot;/home/site/wwwroot/runtimes\win\lib\net6.0\System.Diagnostics.PerformanceCounter.dll&quot;: Invalid argument (22)
rsync: [generator] recv_generator: failed to stat &quot;/home/site/wwwroot/runtimes\win\lib\net8.0\Microsoft.Data.SqlClient.dll&quot;: Invalid argument (22)
rsync error: some files/attrs were not transferred (see previous errors) (code 23) at main.c(1338) [sender=3.2.7]
rsync error: some files/attrs were not transferred (see previous errors) (code 23) at main.c(1338) [sender=3.2.7]
rsync: [generator] recv_generator: failed to stat &quot;/home/site/wwwroot/wwwroot\index.html.br&quot;: Invalid argument (22)
rsync: [generator] recv_generator: failed to stat &quot;/home/site/wwwroot/zh-Hant\Microsoft.Data.SqlClient.resources.dll&quot;: Invalid argument (22)
rsync error: some files/attrs were not transferred (see previous errors) (code 23) at main.c(1338) [sender=3.2.7]
rsync error: some files/attrs were not transferred (see previous errors) (code 23) at main.c(1338) [sender=3.2.7]
rsync error: some files/attrs were not transferred (see previous errors) (code 23) at main.c(1338) [sender=3.2.7]
rsync: [generator] recv_generator: failed to stat &quot;/home/site/wwwroot/runtimes\win\lib\net8.0\System.Runtime.Caching.dll&quot;: Invalid argument (22)
rsync: [generator] recv_generator: failed to stat &quot;/home/site/wwwroot/wwwroot\assets\index-Bh76j7cs.css.br&quot;: Invalid argument (22)
rsync: [generator] recv_generator: failed to stat &quot;/home/site/wwwroot/zh-Hans\Microsoft.Data.SqlClient.resources.dll&quot;: Invalid argument (22)
rsync error: some files/attrs were not transferred (see previous errors) (code 23) at main.c(1338) [sender=3.2.7]
rsync error: some files/attrs were not transferred (see previous errors) (code 23) at main.c(1338) [sender=3.2.7]
rsync: [generator] recv_generator: failed to stat &quot;/home/site/wwwroot/fr\Microsoft.Data.SqlClient.resources.dll&quot;: Invalid argument (22)
rsync: [generator] recv_generator: failed to stat &quot;/home/site/wwwroot/runtimes\unix\lib\net8.0\Microsoft.Data.SqlClient.dll&quot;: Invalid argument (22)
rsync: [generator] recv_generator: failed to stat &quot;/home/site/wwwroot/runtimes\win-arm64\native\Microsoft.Data.SqlClient.SNI.dll&quot;: Invalid argument (22)
rsync error: some files/attrs were not transferred (see previous errors) (code 23) at main.c(1338) [sender=3.2.7]
/opt/Kudu/Scripts/starter.sh /opt/Kudu/Scripts/parallel_rsync.sh /tmp/zipdeploy/extracted /home/site/wwwroot 8 /tmp/ False True  " stackTrace="   at Kudu.Core.Infrastructure.Executable.ExecuteInternal(ITracer tracer, Func`2 onWriteOutput, Func`2 onWriteError, CancellationToken token, Encoding encoding, String arguments, Object[] args) in /tmp/KuduLite/Kudu.Core/Infrastructure/Executable.cs:line 239
   at Kudu.Core.Infrastructure.Executable.ExecuteWithProgressWriter(ILogger logger, ITracer tracer, CancellationToken token, String arguments, Object[] args) in /tmp/KuduLite/Kudu.Core/Infrastructure/Executable.cs:line 118
   at Kudu.Core.Deployment.Generator.ExternalCommandBuilder.RunCommand(DeploymentContext context, String command, Boolean ignoreManifest, CancellationToken token, String message) in /tmp/KuduLite/Kudu.Core/Deployment/Generator/ExternalCommandBuilder.cs:line 122
   at Kudu.Core.Deployment.Generator.GeneratorSiteBuilder.Build(DeploymentContext context, CancellationToken token) in /tmp/KuduLite/Kudu.Core/Deployment/Generator/GeneratorSiteBuilder.cs:line 70
--- End of stack trace from previous location ---
   at Kudu.Core.Deployment.DeploymentManager.Build(ChangeSet changeSet, ITracer tracer, IDisposable deployStep, IRepository repository, DeploymentInfoBase deploymentInfo, DeploymentAnalytics deploymentAnalytics, Boolean fullBuildByDefault, CancellationToken cancellationToken) in /tmp/KuduLite/Kudu.Core/Deployment/DeploymentManager.cs:line 771" /><!-- duration: 28ms -->
            </step><!-- duration: 11416ms -->
          </step><!-- duration: 11583ms -->
          <step title="Error occurred" date="2025-11-25T15:43:02.932" type="error" text="rsync: [generator] recv_generator: failed to stat &quot;/home/site/wwwroot/wwwroot\index.html.br&quot;: Invalid argument (22)
rsync: [generator] recv_generator: failed to stat &quot;/home/site/wwwroot/zh-Hant\Microsoft.Data.SqlClient.resources.dll&quot;: Invalid argument (22)
rsync: [generator] recv_generator: failed to stat &quot;/home/site/wwwroot/fr\Microsoft.Data.SqlClient.resources.dll&quot;: Invalid argument (22)
rsync: [generator] recv_generator: failed to stat &quot;/home/site/wwwroot/runtimes\unix\lib\net8.0\Microsoft.Data.SqlClient.dll&quot;: Invalid argument (22)
rsync: [generator] recv_generator: failed to stat &quot;/home/site/wwwroot/runtimes\win-arm64\native\Microsoft.Data.SqlClient.SNI.dll&quot;: Invalid argument (22)
rsync: [generator] recv_generator: failed to stat &quot;/home/site/wwwroot/ja\Microsoft.Data.SqlClient.resources.dll&quot;: Invalid argument (22)
rsync: [generator] recv_generator: failed to stat &quot;/home/site/wwwroot/runtimes\win-x64\native\Microsoft.Data.SqlClient.SNI.dll&quot;: Invalid argument (22)
rsync: [generator] recv_generator: failed to stat &quot;/home/site/wwwroot/wwwroot\assets\index-D0NB4OjI.js&quot;: Invalid argument (22)
rsync: [generator] recv_generator: failed to stat &quot;/home/site/wwwroot/runtimes\win\lib\net8.0\System.Runtime.Caching.dll&quot;: Invalid argument (22)
rsync: [generator] recv_generator: failed to stat &quot;/home/site/wwwroot/wwwroot\assets\index-Bh76j7cs.css.br&quot;: Invalid argument (22)
rsync: [generator] recv_generator: failed to stat &quot;/home/site/wwwroot/zh-Hans\Microsoft.Data.SqlClient.resources.dll&quot;: Invalid argument (22)
rsync: [generator] recv_generator: failed to stat &quot;/home/site/wwwroot/it\Microsoft.Data.SqlClient.resources.dll&quot;: Invalid argument (22)
rsync: [generator] recv_generator: failed to stat &quot;/home/site/wwwroot/runtimes\win-x86\native\Microsoft.Data.SqlClient.SNI.dll&quot;: Invalid argument (22)
rsync: [generator] recv_generator: failed to stat &quot;/home/site/wwwroot/wwwroot\assets\index-Bh76j7cs.css.gz&quot;: Invalid argument (22)
rsync: [generator] recv_generator: failed to stat &quot;/home/site/wwwroot/wwwroot\assets\index-D0NB4OjI.js.br&quot;: Invalid argument (22)
rsync: [generator] recv_generator: failed to stat &quot;/home/site/wwwroot/wwwroot\index.html.gz&quot;: Invalid argument (22)
rsync: [generator] recv_generator: failed to stat &quot;/home/site/wwwroot/pt-BR\Microsoft.Data.SqlClient.resources.dll&quot;: Invalid argument (22)
rsync: [generator] recv_generator: failed to stat &quot;/home/site/wwwroot/ru\Microsoft.Data.SqlClient.resources.dll&quot;: Invalid argument (22)
rsync: [generator] recv_generator: failed to stat &quot;/home/site/wwwroot/runtimes\win-arm\native\Microsoft.Data.SqlClient.SNI.dll&quot;: Invalid argument (22)
rsync: [generator] recv_generator: failed to stat &quot;/home/site/wwwroot/wwwroot\index.html&quot;: Invalid argument (22)
rsync: [generator] recv_generator: failed to stat &quot;/home/site/wwwroot/ko\Microsoft.Data.SqlClient.resources.dll&quot;: Invalid argument (22)
rsync: [generator] recv_generator: failed to stat &quot;/home/site/wwwroot/runtimes\win\lib\net6.0\System.Diagnostics.PerformanceCounter.dll&quot;: Invalid argument (22)
rsync: [generator] recv_generator: failed to stat &quot;/home/site/wwwroot/runtimes\win\lib\net8.0\Microsoft.Data.SqlClient.dll&quot;: Invalid argument (22)
rsync: [generator] recv_generator: failed to stat &quot;/home/site/wwwroot/de\Microsoft.Data.SqlClient.resources.dll&quot;: Invalid argument (22)
rsync: [generator] recv_generator: failed to stat &quot;/home/site/wwwroot/es\Microsoft.Data.SqlClient.resources.dll&quot;: Invalid argument (22)
rsync: [generator] recv_generator: failed to stat &quot;/home/site/wwwroot/wwwroot\assets\index-Bh76j7cs.css&quot;: Invalid argument (22)
rsync: [generator] recv_generator: failed to stat &quot;/home/site/wwwroot/wwwroot\assets\index-D0NB4OjI.js.gz&quot;: Invalid argument (22)
rsync error: some files/attrs were not transferred (see previous errors) (code 23) at main.c(1338) [sender=3.2.7]
rsync error: some files/attrs were not transferred (see previous errors) (code 23) at main.c(1338) [sender=3.2.7]
rsync: [generator] recv_generator: failed to stat &quot;/home/site/wwwroot/pt-BR\Microsoft.Data.SqlClient.resources.dll&quot;: Invalid argument (22)
rsync: [generator] recv_generator: failed to stat &quot;/home/site/wwwroot/ru\Microsoft.Data.SqlClient.resources.dll&quot;: Invalid argument (22)
rsync: [generator] recv_generator: failed to stat &quot;/home/site/wwwroot/runtimes\win-arm\native\Microsoft.Data.SqlClient.SNI.dll&quot;: Invalid argument (22)
rsync: [generator] recv_generator: failed to stat &quot;/home/site/wwwroot/wwwroot\index.html&quot;: Invalid argument (22)
rsync: [generator] recv_generator: failed to stat &quot;/home/site/wwwroot/de\Microsoft.Data.SqlClient.resources.dll&quot;: Invalid argument (22)
rsync: [generator] recv_generator: failed to stat &quot;/home/site/wwwroot/es\Microsoft.Data.SqlClient.resources.dll&quot;: Invalid argument (22)
rsync: [generator] recv_generator: failed to stat &quot;/home/site/wwwroot/wwwroot\assets\index-Bh76j7cs.css&quot;: Invalid argument (22)
rsync: [generator] recv_generator: failed to stat &quot;/home/site/wwwroot/wwwroot\assets\index-D0NB4OjI.js.gz&quot;: Invalid argument (22)
rsync error: some files/attrs were not transferred (see previous errors) (code 23) at main.c(1338) [sender=3.2.7]
rsync error: some files/attrs were not transferred (see previous errors) (code 23) at main.c(1338) [sender=3.2.7]
rsync error: some files/attrs were not transferred (see previous errors) (code 23) at main.c(1338) [sender=3.2.7]
rsync error: some files/attrs were not transferred (see previous errors) (code 23) at main.c(1338) [sender=3.2.7]
rsync error: some files/attrs were not transferred (see previous errors) (code 23) at main.c(1338) [sender=3.2.7]
rsync error: some files/attrs were not transferred (see previous errors) (code 23) at main.c(1338) [sender=3.2.7]
rsync: [generator] recv_generator: failed to stat &quot;/home/site/wwwroot/ja\Microsoft.Data.SqlClient.resources.dll&quot;: Invalid argument (22)
rsync: [generator] recv_generator: failed to stat &quot;/home/site/wwwroot/runtimes\win-x64\native\Microsoft.Data.SqlClient.SNI.dll&quot;: Invalid argument (22)
rsync: [generator] recv_generator: failed to stat &quot;/home/site/wwwroot/wwwroot\assets\index-D0NB4OjI.js&quot;: Invalid argument (22)
rsync: [generator] recv_generator: failed to stat &quot;/home/site/wwwroot/it\Microsoft.Data.SqlClient.resources.dll&quot;: Invalid argument (22)
rsync: [generator] recv_generator: failed to stat &quot;/home/site/wwwroot/runtimes\win-x86\native\Microsoft.Data.SqlClient.SNI.dll&quot;: Invalid argument (22)
rsync: [generator] recv_generator: failed to stat &quot;/home/site/wwwroot/wwwroot\assets\index-Bh76j7cs.css.gz&quot;: Invalid argument (22)
rsync: [generator] recv_generator: failed to stat &quot;/home/site/wwwroot/wwwroot\assets\index-D0NB4OjI.js.br&quot;: Invalid argument (22)
rsync: [generator] recv_generator: failed to stat &quot;/home/site/wwwroot/wwwroot\index.html.gz&quot;: Invalid argument (22)
rsync: [generator] recv_generator: failed to stat &quot;/home/site/wwwroot/ko\Microsoft.Data.SqlClient.resources.dll&quot;: Invalid argument (22)
rsync: [generator] recv_generator: failed to stat &quot;/home/site/wwwroot/runtimes\win\lib\net6.0\System.Diagnostics.PerformanceCounter.dll&quot;: Invalid argument (22)
rsync: [generator] recv_generator: failed to stat &quot;/home/site/wwwroot/runtimes\win\lib\net8.0\Microsoft.Data.SqlClient.dll&quot;: Invalid argument (22)
rsync error: some files/attrs were not transferred (see previous errors) (code 23) at main.c(1338) [sender=3.2.7]
rsync error: some files/attrs were not transferred (see previous errors) (code 23) at main.c(1338) [sender=3.2.7]
rsync: [generator] recv_generator: failed to stat &quot;/home/site/wwwroot/wwwroot\index.html.br&quot;: Invalid argument (22)
rsync: [generator] recv_generator: failed to stat &quot;/home/site/wwwroot/zh-Hant\Microsoft.Data.SqlClient.resources.dll&quot;: Invalid argument (22)
rsync error: some files/attrs were not transferred (see previous errors) (code 23) at main.c(1338) [sender=3.2.7]
rsync error: some files/attrs were not transferred (see previous errors) (code 23) at main.c(1338) [sender=3.2.7]
rsync error: some files/attrs were not transferred (see previous errors) (code 23) at main.c(1338) [sender=3.2.7]
rsync: [generator] recv_generator: failed to stat &quot;/home/site/wwwroot/runtimes\win\lib\net8.0\System.Runtime.Caching.dll&quot;: Invalid argument (22)
rsync: [generator] recv_generator: failed to stat &quot;/home/site/wwwroot/wwwroot\assets\index-Bh76j7cs.css.br&quot;: Invalid argument (22)
rsync: [generator] recv_generator: failed to stat &quot;/home/site/wwwroot/zh-Hans\Microsoft.Data.SqlClient.resources.dll&quot;: Invalid argument (22)
rsync error: some files/attrs were not transferred (see previous errors) (code 23) at main.c(1338) [sender=3.2.7]
rsync error: some files/attrs were not transferred (see previous errors) (code 23) at main.c(1338) [sender=3.2.7]
rsync: [generator] recv_generator: failed to stat &quot;/home/site/wwwroot/fr\Microsoft.Data.SqlClient.resources.dll&quot;: Invalid argument (22)
rsync: [generator] recv_generator: failed to stat &quot;/home/site/wwwroot/runtimes\unix\lib\net8.0\Microsoft.Data.SqlClient.dll&quot;: Invalid argument (22)
rsync: [generator] recv_generator: failed to stat &quot;/home/site/wwwroot/runtimes\win-arm64\native\Microsoft.Data.SqlClient.SNI.dll&quot;: Invalid argument (22)
rsync error: some files/attrs were not transferred (see previous errors) (code 23) at main.c(1338) [sender=3.2.7]
/opt/Kudu/Scripts/starter.sh /opt/Kudu/Scripts/parallel_rsync.sh /tmp/zipdeploy/extracted /home/site/wwwroot 8 /tmp/ False True  " stackTrace="   at Kudu.Core.Infrastructure.Executable.ExecuteInternal(ITracer tracer, Func`2 onWriteOutput, Func`2 onWriteError, CancellationToken token, Encoding encoding, String arguments, Object[] args) in /tmp/KuduLite/Kudu.Core/Infrastructure/Executable.cs:line 239
   at Kudu.Core.Infrastructure.Executable.ExecuteWithProgressWriter(ILogger logger, ITracer tracer, CancellationToken token, String arguments, Object[] args) in /tmp/KuduLite/Kudu.Core/Infrastructure/Executable.cs:line 118
   at Kudu.Core.Deployment.Generator.ExternalCommandBuilder.RunCommand(DeploymentContext context, String command, Boolean ignoreManifest, CancellationToken token, String message) in /tmp/KuduLite/Kudu.Core/Deployment/Generator/ExternalCommandBuilder.cs:line 122
   at Kudu.Core.Deployment.Generator.GeneratorSiteBuilder.Build(DeploymentContext context, CancellationToken token) in /tmp/KuduLite/Kudu.Core/Deployment/Generator/GeneratorSiteBuilder.cs:line 70
--- End of stack trace from previous location ---
   at Kudu.Core.Deployment.DeploymentManager.Build(ChangeSet changeSet, ITracer tracer, IDisposable deployStep, IRepository repository, DeploymentInfoBase deploymentInfo, DeploymentAnalytics deploymentAnalytics, Boolean fullBuildByDefault, CancellationToken cancellationToken) in /tmp/KuduLite/Kudu.Core/Deployment/DeploymentManager.cs:line 771
   at Kudu.Core.Deployment.DeploymentManager.Build(ChangeSet changeSet, ITracer tracer, IDisposable deployStep, IRepository repository, DeploymentInfoBase deploymentInfo, DeploymentAnalytics deploymentAnalytics, Boolean fullBuildByDefault, CancellationToken cancellationToken) in /tmp/KuduLite/Kudu.Core/Deployment/DeploymentManager.cs:line 840" /><!-- duration: 4ms -->
          <step title="Cleaning up temp files" date="2025-11-25T15:43:03.064" /><!-- duration: 22ms -->
          <step title="Cleaning up temp files" date="2025-11-25T15:43:03.095" /><!-- duration: 511ms -->
          <step title="Error occurred" date="2025-11-25T15:43:03.667" type="error" text="rsync: [generator] recv_generator: failed to stat &quot;/home/site/wwwroot/wwwroot\index.html.br&quot;: Invalid argument (22)
rsync: [generator] recv_generator: failed to stat &quot;/home/site/wwwroot/zh-Hant\Microsoft.Data.SqlClient.resources.dll&quot;: Invalid argument (22)
rsync: [generator] recv_generator: failed to stat &quot;/home/site/wwwroot/fr\Microsoft.Data.SqlClient.resources.dll&quot;: Invalid argument (22)
rsync: [generator] recv_generator: failed to stat &quot;/home/site/wwwroot/runtimes\unix\lib\net8.0\Microsoft.Data.SqlClient.dll&quot;: Invalid argument (22)
rsync: [generator] recv_generator: failed to stat &quot;/home/site/wwwroot/runtimes\win-arm64\native\Microsoft.Data.SqlClient.SNI.dll&quot;: Invalid argument (22)
rsync: [generator] recv_generator: failed to stat &quot;/home/site/wwwroot/ja\Microsoft.Data.SqlClient.resources.dll&quot;: Invalid argument (22)
rsync: [generator] recv_generator: failed to stat &quot;/home/site/wwwroot/runtimes\win-x64\native\Microsoft.Data.SqlClient.SNI.dll&quot;: Invalid argument (22)
rsync: [generator] recv_generator: failed to stat &quot;/home/site/wwwroot/wwwroot\assets\index-D0NB4OjI.js&quot;: Invalid argument (22)
rsync: [generator] recv_generator: failed to stat &quot;/home/site/wwwroot/runtimes\win\lib\net8.0\System.Runtime.Caching.dll&quot;: Invalid argument (22)
rsync: [generator] recv_generator: failed to stat &quot;/home/site/wwwroot/wwwroot\assets\index-Bh76j7cs.css.br&quot;: Invalid argument (22)
rsync: [generator] recv_generator: failed to stat &quot;/home/site/wwwroot/zh-Hans\Microsoft.Data.SqlClient.resources.dll&quot;: Invalid argument (22)
rsync: [generator] recv_generator: failed to stat &quot;/home/site/wwwroot/it\Microsoft.Data.SqlClient.resources.dll&quot;: Invalid argument (22)
rsync: [generator] recv_generator: failed to stat &quot;/home/site/wwwroot/runtimes\win-x86\native\Microsoft.Data.SqlClient.SNI.dll&quot;: Invalid argument (22)
rsync: [generator] recv_generator: failed to stat &quot;/home/site/wwwroot/wwwroot\assets\index-Bh76j7cs.css.gz&quot;: Invalid argument (22)
rsync: [generator] recv_generator: failed to stat &quot;/home/site/wwwroot/wwwroot\assets\index-D0NB4OjI.js.br&quot;: Invalid argument (22)
rsync: [generator] recv_generator: failed to stat &quot;/home/site/wwwroot/wwwroot\index.html.gz&quot;: Invalid argument (22)
rsync: [generator] recv_generator: failed to stat &quot;/home/site/wwwroot/pt-BR\Microsoft.Data.SqlClient.resources.dll&quot;: Invalid argument (22)
rsync: [generator] recv_generator: failed to stat &quot;/home/site/wwwroot/ru\Microsoft.Data.SqlClient.resources.dll&quot;: Invalid argument (22)
rsync: [generator] recv_generator: failed to stat &quot;/home/site/wwwroot/runtimes\win-arm\native\Microsoft.Data.SqlClient.SNI.dll&quot;: Invalid argument (22)
rsync: [generator] recv_generator: failed to stat &quot;/home/site/wwwroot/wwwroot\index.html&quot;: Invalid argument (22)
rsync: [generator] recv_generator: failed to stat &quot;/home/site/wwwroot/ko\Microsoft.Data.SqlClient.resources.dll&quot;: Invalid argument (22)
rsync: [generator] recv_generator: failed to stat &quot;/home/site/wwwroot/runtimes\win\lib\net6.0\System.Diagnostics.PerformanceCounter.dll&quot;: Invalid argument (22)
rsync: [generator] recv_generator: failed to stat &quot;/home/site/wwwroot/runtimes\win\lib\net8.0\Microsoft.Data.SqlClient.dll&quot;: Invalid argument (22)
rsync: [generator] recv_generator: failed to stat &quot;/home/site/wwwroot/de\Microsoft.Data.SqlClient.resources.dll&quot;: Invalid argument (22)
rsync: [generator] recv_generator: failed to stat &quot;/home/site/wwwroot/es\Microsoft.Data.SqlClient.resources.dll&quot;: Invalid argument (22)
rsync: [generator] recv_generator: failed to stat &quot;/home/site/wwwroot/wwwroot\assets\index-Bh76j7cs.css&quot;: Invalid argument (22)
rsync: [generator] recv_generator: failed to stat &quot;/home/site/wwwroot/wwwroot\assets\index-D0NB4OjI.js.gz&quot;: Invalid argument (22)
rsync error: some files/attrs were not transferred (see previous errors) (code 23) at main.c(1338) [sender=3.2.7]
rsync error: some files/attrs were not transferred (see previous errors) (code 23) at main.c(1338) [sender=3.2.7]
rsync: [generator] recv_generator: failed to stat &quot;/home/site/wwwroot/pt-BR\Microsoft.Data.SqlClient.resources.dll&quot;: Invalid argument (22)
rsync: [generator] recv_generator: failed to stat &quot;/home/site/wwwroot/ru\Microsoft.Data.SqlClient.resources.dll&quot;: Invalid argument (22)
rsync: [generator] recv_generator: failed to stat &quot;/home/site/wwwroot/runtimes\win-arm\native\Microsoft.Data.SqlClient.SNI.dll&quot;: Invalid argument (22)
rsync: [generator] recv_generator: failed to stat &quot;/home/site/wwwroot/wwwroot\index.html&quot;: Invalid argument (22)
rsync: [generator] recv_generator: failed to stat &quot;/home/site/wwwroot/de\Microsoft.Data.SqlClient.resources.dll&quot;: Invalid argument (22)
rsync: [generator] recv_generator: failed to stat &quot;/home/site/wwwroot/es\Microsoft.Data.SqlClient.resources.dll&quot;: Invalid argument (22)
rsync: [generator] recv_generator: failed to stat &quot;/home/site/wwwroot/wwwroot\assets\index-Bh76j7cs.css&quot;: Invalid argument (22)
rsync: [generator] recv_generator: failed to stat &quot;/home/site/wwwroot/wwwroot\assets\index-D0NB4OjI.js.gz&quot;: Invalid argument (22)
rsync error: some files/attrs were not transferred (see previous errors) (code 23) at main.c(1338) [sender=3.2.7]
rsync error: some files/attrs were not transferred (see previous errors) (code 23) at main.c(1338) [sender=3.2.7]
rsync error: some files/attrs were not transferred (see previous errors) (code 23) at main.c(1338) [sender=3.2.7]
rsync error: some files/attrs were not transferred (see previous errors) (code 23) at main.c(1338) [sender=3.2.7]
rsync error: some files/attrs were not transferred (see previous errors) (code 23) at main.c(1338) [sender=3.2.7]
rsync error: some files/attrs were not transferred (see previous errors) (code 23) at main.c(1338) [sender=3.2.7]
rsync: [generator] recv_generator: failed to stat &quot;/home/site/wwwroot/ja\Microsoft.Data.SqlClient.resources.dll&quot;: Invalid argument (22)
rsync: [generator] recv_generator: failed to stat &quot;/home/site/wwwroot/runtimes\win-x64\native\Microsoft.Data.SqlClient.SNI.dll&quot;: Invalid argument (22)
rsync: [generator] recv_generator: failed to stat &quot;/home/site/wwwroot/wwwroot\assets\index-D0NB4OjI.js&quot;: Invalid argument (22)
rsync: [generator] recv_generator: failed to stat &quot;/home/site/wwwroot/it\Microsoft.Data.SqlClient.resources.dll&quot;: Invalid argument (22)
rsync: [generator] recv_generator: failed to stat &quot;/home/site/wwwroot/runtimes\win-x86\native\Microsoft.Data.SqlClient.SNI.dll&quot;: Invalid argument (22)
rsync: [generator] recv_generator: failed to stat &quot;/home/site/wwwroot/wwwroot\assets\index-Bh76j7cs.css.gz&quot;: Invalid argument (22)
rsync: [generator] recv_generator: failed to stat &quot;/home/site/wwwroot/wwwroot\assets\index-D0NB4OjI.js.br&quot;: Invalid argument (22)
rsync: [generator] recv_generator: failed to stat &quot;/home/site/wwwroot/wwwroot\index.html.gz&quot;: Invalid argument (22)
rsync: [generator] recv_generator: failed to stat &quot;/home/site/wwwroot/ko\Microsoft.Data.SqlClient.resources.dll&quot;: Invalid argument (22)
rsync: [generator] recv_generator: failed to stat &quot;/home/site/wwwroot/runtimes\win\lib\net6.0\System.Diagnostics.PerformanceCounter.dll&quot;: Invalid argument (22)
rsync: [generator] recv_generator: failed to stat &quot;/home/site/wwwroot/runtimes\win\lib\net8.0\Microsoft.Data.SqlClient.dll&quot;: Invalid argument (22)
rsync error: some files/attrs were not transferred (see previous errors) (code 23) at main.c(1338) [sender=3.2.7]
rsync error: some files/attrs were not transferred (see previous errors) (code 23) at main.c(1338) [sender=3.2.7]
rsync: [generator] recv_generator: failed to stat &quot;/home/site/wwwroot/wwwroot\index.html.br&quot;: Invalid argument (22)
rsync: [generator] recv_generator: failed to stat &quot;/home/site/wwwroot/zh-Hant\Microsoft.Data.SqlClient.resources.dll&quot;: Invalid argument (22)
rsync error: some files/attrs were not transferred (see previous errors) (code 23) at main.c(1338) [sender=3.2.7]
rsync error: some files/attrs were not transferred (see previous errors) (code 23) at main.c(1338) [sender=3.2.7]
rsync error: some files/attrs were not transferred (see previous errors) (code 23) at main.c(1338) [sender=3.2.7]
rsync: [generator] recv_generator: failed to stat &quot;/home/site/wwwroot/runtimes\win\lib\net8.0\System.Runtime.Caching.dll&quot;: Invalid argument (22)
rsync: [generator] recv_generator: failed to stat &quot;/home/site/wwwroot/wwwroot\assets\index-Bh76j7cs.css.br&quot;: Invalid argument (22)
rsync: [generator] recv_generator: failed to stat &quot;/home/site/wwwroot/zh-Hans\Microsoft.Data.SqlClient.resources.dll&quot;: Invalid argument (22)
rsync error: some files/attrs were not transferred (see previous errors) (code 23) at main.c(1338) [sender=3.2.7]
rsync error: some files/attrs were not transferred (see previous errors) (code 23) at main.c(1338) [sender=3.2.7]
rsync: [generator] recv_generator: failed to stat &quot;/home/site/wwwroot/fr\Microsoft.Data.SqlClient.resources.dll&quot;: Invalid argument (22)
rsync: [generator] recv_generator: failed to stat &quot;/home/site/wwwroot/runtimes\unix\lib\net8.0\Microsoft.Data.SqlClient.dll&quot;: Invalid argument (22)
rsync: [generator] recv_generator: failed to stat &quot;/home/site/wwwroot/runtimes\win-arm64\native\Microsoft.Data.SqlClient.SNI.dll&quot;: Invalid argument (22)
rsync error: some files/attrs were not transferred (see previous errors) (code 23) at main.c(1338) [sender=3.2.7]
/opt/Kudu/Scripts/starter.sh /opt/Kudu/Scripts/parallel_rsync.sh /tmp/zipdeploy/extracted /home/site/wwwroot 8 /tmp/ False True  " stackTrace="   at Kudu.Core.Infrastructure.Executable.ExecuteInternal(ITracer tracer, Func`2 onWriteOutput, Func`2 onWriteError, CancellationToken token, Encoding encoding, String arguments, Object[] args) in /tmp/KuduLite/Kudu.Core/Infrastructure/Executable.cs:line 239
   at Kudu.Core.Infrastructure.Executable.ExecuteWithProgressWriter(ILogger logger, ITracer tracer, CancellationToken token, String arguments, Object[] args) in /tmp/KuduLite/Kudu.Core/Infrastructure/Executable.cs:line 118
   at Kudu.Core.Deployment.Generator.ExternalCommandBuilder.RunCommand(DeploymentContext context, String command, Boolean ignoreManifest, CancellationToken token, String message) in /tmp/KuduLite/Kudu.Core/Deployment/Generator/ExternalCommandBuilder.cs:line 122
   at Kudu.Core.Deployment.Generator.GeneratorSiteBuilder.Build(DeploymentContext context, CancellationToken token) in /tmp/KuduLite/Kudu.Core/Deployment/Generator/GeneratorSiteBuilder.cs:line 70
--- End of stack trace from previous location ---
   at Kudu.Core.Deployment.DeploymentManager.Build(ChangeSet changeSet, ITracer tracer, IDisposable deployStep, IRepository repository, DeploymentInfoBase deploymentInfo, DeploymentAnalytics deploymentAnalytics, Boolean fullBuildByDefault, CancellationToken cancellationToken) in /tmp/KuduLite/Kudu.Core/Deployment/DeploymentManager.cs:line 771
   at Kudu.Core.Deployment.DeploymentManager.Build(ChangeSet changeSet, ITracer tracer, IDisposable deployStep, IRepository repository, DeploymentInfoBase deploymentInfo, DeploymentAnalytics deploymentAnalytics, Boolean fullBuildByDefault, CancellationToken cancellationToken) in /tmp/KuduLite/Kudu.Core/Deployment/DeploymentManager.cs:line 840
   at Kudu.Core.Deployment.DeploymentManager.DeployAsync(IRepository repository, ChangeSet changeSet, String deployer, Boolean clean, DeploymentInfoBase deploymentInfo, Boolean needFileUpdate, Boolean fullBuildByDefault) in /tmp/KuduLite/Kudu.Core/Deployment/DeploymentManager.cs:line 266" /><!-- duration: 4ms -->
        </step><!-- duration: 12447ms -->
        <step title="Reloading status file with latest updates" date="2025-11-25T15:43:03.744" >
          <step title="WebHooksManager.PublishEventAsync: PostDeployment" date="2025-11-25T15:43:03.762" /><!-- duration: 145ms -->
        </step><!-- duration: 167ms -->
        <step title="Error occurred" date="2025-11-25T15:43:03.914" type="error" text="rsync: [generator] recv_generator: failed to stat &quot;/home/site/wwwroot/wwwroot\index.html.br&quot;: Invalid argument (22)
rsync: [generator] recv_generator: failed to stat &quot;/home/site/wwwroot/zh-Hant\Microsoft.Data.SqlClient.resources.dll&quot;: Invalid argument (22)
rsync: [generator] recv_generator: failed to stat &quot;/home/site/wwwroot/fr\Microsoft.Data.SqlClient.resources.dll&quot;: Invalid argument (22)
rsync: [generator] recv_generator: failed to stat &quot;/home/site/wwwroot/runtimes\unix\lib\net8.0\Microsoft.Data.SqlClient.dll&quot;: Invalid argument (22)
rsync: [generator] recv_generator: failed to stat &quot;/home/site/wwwroot/runtimes\win-arm64\native\Microsoft.Data.SqlClient.SNI.dll&quot;: Invalid argument (22)
rsync: [generator] recv_generator: failed to stat &quot;/home/site/wwwroot/ja\Microsoft.Data.SqlClient.resources.dll&quot;: Invalid argument (22)
rsync: [generator] recv_generator: failed to stat &quot;/home/site/wwwroot/runtimes\win-x64\native\Microsoft.Data.SqlClient.SNI.dll&quot;: Invalid argument (22)
rsync: [generator] recv_generator: failed to stat &quot;/home/site/wwwroot/wwwroot\assets\index-D0NB4OjI.js&quot;: Invalid argument (22)
rsync: [generator] recv_generator: failed to stat &quot;/home/site/wwwroot/runtimes\win\lib\net8.0\System.Runtime.Caching.dll&quot;: Invalid argument (22)
rsync: [generator] recv_generator: failed to stat &quot;/home/site/wwwroot/wwwroot\assets\index-Bh76j7cs.css.br&quot;: Invalid argument (22)
rsync: [generator] recv_generator: failed to stat &quot;/home/site/wwwroot/zh-Hans\Microsoft.Data.SqlClient.resources.dll&quot;: Invalid argument (22)
rsync: [generator] recv_generator: failed to stat &quot;/home/site/wwwroot/it\Microsoft.Data.SqlClient.resources.dll&quot;: Invalid argument (22)
rsync: [generator] recv_generator: failed to stat &quot;/home/site/wwwroot/runtimes\win-x86\native\Microsoft.Data.SqlClient.SNI.dll&quot;: Invalid argument (22)
rsync: [generator] recv_generator: failed to stat &quot;/home/site/wwwroot/wwwroot\assets\index-Bh76j7cs.css.gz&quot;: Invalid argument (22)
rsync: [generator] recv_generator: failed to stat &quot;/home/site/wwwroot/wwwroot\assets\index-D0NB4OjI.js.br&quot;: Invalid argument (22)
rsync: [generator] recv_generator: failed to stat &quot;/home/site/wwwroot/wwwroot\index.html.gz&quot;: Invalid argument (22)
rsync: [generator] recv_generator: failed to stat &quot;/home/site/wwwroot/pt-BR\Microsoft.Data.SqlClient.resources.dll&quot;: Invalid argument (22)
rsync: [generator] recv_generator: failed to stat &quot;/home/site/wwwroot/ru\Microsoft.Data.SqlClient.resources.dll&quot;: Invalid argument (22)
rsync: [generator] recv_generator: failed to stat &quot;/home/site/wwwroot/runtimes\win-arm\native\Microsoft.Data.SqlClient.SNI.dll&quot;: Invalid argument (22)
rsync: [generator] recv_generator: failed to stat &quot;/home/site/wwwroot/wwwroot\index.html&quot;: Invalid argument (22)
rsync: [generator] recv_generator: failed to stat &quot;/home/site/wwwroot/ko\Microsoft.Data.SqlClient.resources.dll&quot;: Invalid argument (22)
rsync: [generator] recv_generator: failed to stat &quot;/home/site/wwwroot/runtimes\win\lib\net6.0\System.Diagnostics.PerformanceCounter.dll&quot;: Invalid argument (22)
rsync: [generator] recv_generator: failed to stat &quot;/home/site/wwwroot/runtimes\win\lib\net8.0\Microsoft.Data.SqlClient.dll&quot;: Invalid argument (22)
rsync: [generator] recv_generator: failed to stat &quot;/home/site/wwwroot/de\Microsoft.Data.SqlClient.resources.dll&quot;: Invalid argument (22)
rsync: [generator] recv_generator: failed to stat &quot;/home/site/wwwroot/es\Microsoft.Data.SqlClient.resources.dll&quot;: Invalid argument (22)
rsync: [generator] recv_generator: failed to stat &quot;/home/site/wwwroot/wwwroot\assets\index-Bh76j7cs.css&quot;: Invalid argument (22)
rsync: [generator] recv_generator: failed to stat &quot;/home/site/wwwroot/wwwroot\assets\index-D0NB4OjI.js.gz&quot;: Invalid argument (22)
rsync error: some files/attrs were not transferred (see previous errors) (code 23) at main.c(1338) [sender=3.2.7]
rsync error: some files/attrs were not transferred (see previous errors) (code 23) at main.c(1338) [sender=3.2.7]
rsync: [generator] recv_generator: failed to stat &quot;/home/site/wwwroot/pt-BR\Microsoft.Data.SqlClient.resources.dll&quot;: Invalid argument (22)
rsync: [generator] recv_generator: failed to stat &quot;/home/site/wwwroot/ru\Microsoft.Data.SqlClient.resources.dll&quot;: Invalid argument (22)
rsync: [generator] recv_generator: failed to stat &quot;/home/site/wwwroot/runtimes\win-arm\native\Microsoft.Data.SqlClient.SNI.dll&quot;: Invalid argument (22)
rsync: [generator] recv_generator: failed to stat &quot;/home/site/wwwroot/wwwroot\index.html&quot;: Invalid argument (22)
rsync: [generator] recv_generator: failed to stat &quot;/home/site/wwwroot/de\Microsoft.Data.SqlClient.resources.dll&quot;: Invalid argument (22)
rsync: [generator] recv_generator: failed to stat &quot;/home/site/wwwroot/es\Microsoft.Data.SqlClient.resources.dll&quot;: Invalid argument (22)
rsync: [generator] recv_generator: failed to stat &quot;/home/site/wwwroot/wwwroot\assets\index-Bh76j7cs.css&quot;: Invalid argument (22)
rsync: [generator] recv_generator: failed to stat &quot;/home/site/wwwroot/wwwroot\assets\index-D0NB4OjI.js.gz&quot;: Invalid argument (22)
rsync error: some files/attrs were not transferred (see previous errors) (code 23) at main.c(1338) [sender=3.2.7]
rsync error: some files/attrs were not transferred (see previous errors) (code 23) at main.c(1338) [sender=3.2.7]
rsync error: some files/attrs were not transferred (see previous errors) (code 23) at main.c(1338) [sender=3.2.7]
rsync error: some files/attrs were not transferred (see previous errors) (code 23) at main.c(1338) [sender=3.2.7]
rsync error: some files/attrs were not transferred (see previous errors) (code 23) at main.c(1338) [sender=3.2.7]
rsync error: some files/attrs were not transferred (see previous errors) (code 23) at main.c(1338) [sender=3.2.7]
rsync: [generator] recv_generator: failed to stat &quot;/home/site/wwwroot/ja\Microsoft.Data.SqlClient.resources.dll&quot;: Invalid argument (22)
rsync: [generator] recv_generator: failed to stat &quot;/home/site/wwwroot/runtimes\win-x64\native\Microsoft.Data.SqlClient.SNI.dll&quot;: Invalid argument (22)
rsync: [generator] recv_generator: failed to stat &quot;/home/site/wwwroot/wwwroot\assets\index-D0NB4OjI.js&quot;: Invalid argument (22)
rsync: [generator] recv_generator: failed to stat &quot;/home/site/wwwroot/it\Microsoft.Data.SqlClient.resources.dll&quot;: Invalid argument (22)
rsync: [generator] recv_generator: failed to stat &quot;/home/site/wwwroot/runtimes\win-x86\native\Microsoft.Data.SqlClient.SNI.dll&quot;: Invalid argument (22)
rsync: [generator] recv_generator: failed to stat &quot;/home/site/wwwroot/wwwroot\assets\index-Bh76j7cs.css.gz&quot;: Invalid argument (22)
rsync: [generator] recv_generator: failed to stat &quot;/home/site/wwwroot/wwwroot\assets\index-D0NB4OjI.js.br&quot;: Invalid argument (22)
rsync: [generator] recv_generator: failed to stat &quot;/home/site/wwwroot/wwwroot\index.html.gz&quot;: Invalid argument (22)
rsync: [generator] recv_generator: failed to stat &quot;/home/site/wwwroot/ko\Microsoft.Data.SqlClient.resources.dll&quot;: Invalid argument (22)
rsync: [generator] recv_generator: failed to stat &quot;/home/site/wwwroot/runtimes\win\lib\net6.0\System.Diagnostics.PerformanceCounter.dll&quot;: Invalid argument (22)
rsync: [generator] recv_generator: failed to stat &quot;/home/site/wwwroot/runtimes\win\lib\net8.0\Microsoft.Data.SqlClient.dll&quot;: Invalid argument (22)
rsync error: some files/attrs were not transferred (see previous errors) (code 23) at main.c(1338) [sender=3.2.7]
rsync error: some files/attrs were not transferred (see previous errors) (code 23) at main.c(1338) [sender=3.2.7]
rsync: [generator] recv_generator: failed to stat &quot;/home/site/wwwroot/wwwroot\index.html.br&quot;: Invalid argument (22)
rsync: [generator] recv_generator: failed to stat &quot;/home/site/wwwroot/zh-Hant\Microsoft.Data.SqlClient.resources.dll&quot;: Invalid argument (22)
rsync error: some files/attrs were not transferred (see previous errors) (code 23) at main.c(1338) [sender=3.2.7]
rsync error: some files/attrs were not transferred (see previous errors) (code 23) at main.c(1338) [sender=3.2.7]
rsync error: some files/attrs were not transferred (see previous errors) (code 23) at main.c(1338) [sender=3.2.7]
rsync: [generator] recv_generator: failed to stat &quot;/home/site/wwwroot/runtimes\win\lib\net8.0\System.Runtime.Caching.dll&quot;: Invalid argument (22)
rsync: [generator] recv_generator: failed to stat &quot;/home/site/wwwroot/wwwroot\assets\index-Bh76j7cs.css.br&quot;: Invalid argument (22)
rsync: [generator] recv_generator: failed to stat &quot;/home/site/wwwroot/zh-Hans\Microsoft.Data.SqlClient.resources.dll&quot;: Invalid argument (22)
rsync error: some files/attrs were not transferred (see previous errors) (code 23) at main.c(1338) [sender=3.2.7]
rsync error: some files/attrs were not transferred (see previous errors) (code 23) at main.c(1338) [sender=3.2.7]
rsync: [generator] recv_generator: failed to stat &quot;/home/site/wwwroot/fr\Microsoft.Data.SqlClient.resources.dll&quot;: Invalid argument (22)
rsync: [generator] recv_generator: failed to stat &quot;/home/site/wwwroot/runtimes\unix\lib\net8.0\Microsoft.Data.SqlClient.dll&quot;: Invalid argument (22)
rsync: [generator] recv_generator: failed to stat &quot;/home/site/wwwroot/runtimes\win-arm64\native\Microsoft.Data.SqlClient.SNI.dll&quot;: Invalid argument (22)
rsync error: some files/attrs were not transferred (see previous errors) (code 23) at main.c(1338) [sender=3.2.7]
/opt/Kudu/Scripts/starter.sh /opt/Kudu/Scripts/parallel_rsync.sh /tmp/zipdeploy/extracted /home/site/wwwroot 8 /tmp/ False True  " stackTrace="   at Kudu.Core.Infrastructure.Executable.ExecuteInternal(ITracer tracer, Func`2 onWriteOutput, Func`2 onWriteError, CancellationToken token, Encoding encoding, String arguments, Object[] args) in /tmp/KuduLite/Kudu.Core/Infrastructure/Executable.cs:line 239
   at Kudu.Core.Infrastructure.Executable.ExecuteWithProgressWriter(ILogger logger, ITracer tracer, CancellationToken token, String arguments, Object[] args) in /tmp/KuduLite/Kudu.Core/Infrastructure/Executable.cs:line 118
   at Kudu.Core.Deployment.Generator.ExternalCommandBuilder.RunCommand(DeploymentContext context, String command, Boolean ignoreManifest, CancellationToken token, String message) in /tmp/KuduLite/Kudu.Core/Deployment/Generator/ExternalCommandBuilder.cs:line 122
   at Kudu.Core.Deployment.Generator.GeneratorSiteBuilder.Build(DeploymentContext context, CancellationToken token) in /tmp/KuduLite/Kudu.Core/Deployment/Generator/GeneratorSiteBuilder.cs:line 70
--- End of stack trace from previous location ---
   at Kudu.Core.Deployment.DeploymentManager.Build(ChangeSet changeSet, ITracer tracer, IDisposable deployStep, IRepository repository, DeploymentInfoBase deploymentInfo, DeploymentAnalytics deploymentAnalytics, Boolean fullBuildByDefault, CancellationToken cancellationToken) in /tmp/KuduLite/Kudu.Core/Deployment/DeploymentManager.cs:line 771
   at Kudu.Core.Deployment.DeploymentManager.Build(ChangeSet changeSet, ITracer tracer, IDisposable deployStep, IRepository repository, DeploymentInfoBase deploymentInfo, DeploymentAnalytics deploymentAnalytics, Boolean fullBuildByDefault, CancellationToken cancellationToken) in /tmp/KuduLite/Kudu.Core/Deployment/DeploymentManager.cs:line 840
   at Kudu.Core.Deployment.DeploymentManager.DeployAsync(IRepository repository, ChangeSet changeSet, String deployer, Boolean clean, DeploymentInfoBase deploymentInfo, Boolean needFileUpdate, Boolean fullBuildByDefault) in /tmp/KuduLite/Kudu.Core/Deployment/DeploymentManager.cs:line 266" /><!-- duration: 4ms -->
        <step title="Marking deployment as failed and cleaning up the temp deployment" date="2025-11-25T15:43:03.976" /><!-- duration: 3ms -->
      </step><!-- duration: 14853ms -->
      <step title="Error occurred" date="2025-11-25T15:43:04.142" type="error" text="One or more errors occurred. (Deployment failed)" stackTrace="   at System.Threading.Tasks.Task.Wait(Int32 millisecondsTimeout, CancellationToken cancellationToken)
   at System.Threading.Tasks.Task.Wait()
   at Kudu.Core.Deployment.FetchDeploymentManager.&lt;&gt;c__DisplayClass22_1.&lt;PerformBackgroundDeployment&gt;b__3() in /tmp/KuduLite/Kudu.Core/Deployment/FetchDeploymentManager.cs:line 414
   at Kudu.Contracts.Infrastructure.LockExtensions.TryLockOperation(IOperationLock lockObj, Action operation, String operationName, TimeSpan timeout) in /tmp/KuduLite/Kudu.Contracts/Infrastructure/LockExtensions.cs:line 34
   at Kudu.Contracts.Infrastructure.LockExtensions.LockOperation(IOperationLock lockObj, Action operation, String operationName, TimeSpan timeout) in /tmp/KuduLite/Kudu.Contracts/Infrastructure/LockExtensions.cs:line 46
   at Kudu.Core.Deployment.FetchDeploymentManager.&lt;&gt;c__DisplayClass22_0.&lt;PerformBackgroundDeployment&gt;b__1() in /tmp/KuduLite/Kudu.Core/Deployment/FetchDeploymentManager.cs:line 393" innerText="Deployment failed" innerStackTrace="   at Kudu.Core.Deployment.DeploymentManager.DeployAsync(IRepository repository, ChangeSet changeSet, String deployer, Boolean clean, DeploymentInfoBase deploymentInfo, Boolean needFileUpdate, Boolean fullBuildByDefault) in /tmp/KuduLite/Kudu.Core/Deployment/DeploymentManager.cs:line 307
   at Kudu.Core.Deployment.FetchDeploymentManager.PerformDeployment(DeploymentInfoBase deploymentInfo, IDisposable tempDeployment, ChangeSet tempChangeSet, DeployStatusApiResult updateStatusObj) in /tmp/KuduLite/Kudu.Core/Deployment/FetchDeploymentManager.cs:line 230" /><!-- duration: 3ms -->
    </step><!-- duration: 14911ms -->
