<step title="Incoming Request" date="2025-11-25T15:44:06.407" instance="978831" url="/api/publish?type=zip" method="POST" type="request" pid="855,1,23" Accept="*/*" Host="checklist-poc-app.scm.azurewebsites.net" User-Agent="AZURECLI/2.75.0 (MSI)" Accept-Encoding="gzip, deflate" Authorization="Bas..." Cache-Control="no-cache" Content-Type="application/octet-stream" Cookie="ARRAffinity=978831a12b989a546f04a417ac73afab2417e3847711476ee09674c03af7af1b; ARRAffinitySameSite=978831a12b989a546f04a417ac73afab2417e3847711476ee09674c03af7af1b" Content-Length="9119032" x-ms-client-request-id="a65bb117-ca15-11f0-95bc-5cb47e924e73" x-ms-artifact-checksum="296691e5d854f2aa727146192259fbef38cec2ca2245666d670c422a5aa14107" X-ARR-LOG-ID="a65bb117-ca15-11f0-95bc-5cb47e924e73" CLIENT-IP="96.247.197.62:49243" X-SITE-DEPLOYMENT-ID="checklist-poc-app" WAS-DEFAULT-HOSTNAME="checklist-poc-app.scm.azurewebsites.net" X-Forwarded-Proto="https" X-AppService-Proto="https" X-Forwarded-TlsVersion="1.3" X-WAWS-Unencoded-URL="/api/publish?type=zip" X-Client-IP="96.247.197.62" X-Client-Port="49243" >
  <step title="OneDeploy" date="2025-11-25T15:44:06.442" >
    <step title="Starting PushDeployAsync" date="2025-11-25T15:44:06.451" /><!-- duration: 4ms -->
    <step title="Writing artifact to /tmp/zipdeploy/78261fcf-2e7a-4653-add7-f299e4ee07ea.zip" date="2025-11-25T15:44:06.471" >
      <step title="Writing multipart request body to /tmp/zipdeploy/78261fcf-2e7a-4653-add7-f299e4ee07ea.zip" date="2025-11-25T15:44:06.477" /><!-- duration: 18ms -->
    </step><!-- duration: 596ms -->
    <step title="Attempting to fetch target branch HEAD" date="2025-11-25T15:44:07.080" /><!-- duration: 4ms -->
    <step title="Acquiring Deployment Lock" date="2025-11-25T15:44:07.088" /><!-- duration: 8ms -->
    <step title="Acquired Deployment Lock" date="2025-11-25T15:44:07.140" /><!-- duration: 3ms -->
    <step title="Performing fetch based deployment" date="2025-11-25T15:44:07.151" >
      <step title="Creating temporary deployment" date="2025-11-25T15:44:07.155" /><!-- duration: 72ms -->
      <step title="Releasing Deployment Lock" date="2025-11-25T15:44:08.408" /><!-- duration: 11ms -->
      <step title="Cleaning up temp folders from previous zip deployments and extracting pushed zip file /tmp/zipdeploy/78261fcf-2e7a-4653-add7-f299e4ee07ea.zip (8.70 MB) to /tmp/zipdeploy/extracted" date="2025-11-25T15:44:08.577" >
        <step title="ChmodRecursive Process exited with total time taken in ms: 69" date="2025-11-25T15:44:10.187" /><!-- duration: 17ms -->
      </step><!-- duration: 1658ms -->
      <step title="None repository commit" date="2025-11-25T15:44:10.255" >
        <step title="Commit id: c49e3447-2430-4604-9753-dc9d94f7ccb4" date="2025-11-25T15:44:10.272" Message="OneDeploy" AuthorName="N/A" AuthorEmail="N/A" /><!-- duration: 3ms -->
      </step><!-- duration: 29ms -->
      <step title="Deployment timer started" date="2025-11-25T15:44:12.301" >
        <step title="DeploymentManager.Deploy(id:c49e3447-2430-4604-9753-dc9d94f7ccb4)" date="2025-11-25T15:44:12.317" >
          <step title="Collecting changeset information" date="2025-11-25T15:44:12.368" /><!-- duration: 152ms -->
          <step title="Updating submodules" date="2025-11-25T15:44:12.531" /><!-- duration: 1195ms -->
          <step title="Determining deployment builder" date="2025-11-25T15:44:13.948" >
            <step title="Builder is OneDeployBuilder" date="2025-11-25T15:44:13.964" /><!-- duration: 3ms -->
          </step><!-- duration: 23ms -->
          <step title="PreDeployment: context.CleanOutputPath False" date="2025-11-25T15:44:14.021" >
            <step title="PreDeployment: context.OutputPath /home/site/wwwroot" date="2025-11-25T15:44:14.145" >
              <step title="Building" date="2025-11-25T15:44:14.303" >
                <step title="Executing external process" date="2025-11-25T15:44:14.824" type="process" path="starter.sh" arguments="/opt/Kudu/Scripts/parallel_rsync.sh /tmp/zipdeploy/extracted /home/site/wwwroot 8 /tmp/ False False  " >
                  <step title="Process dump" date="2025-11-25T15:44:28.167" exitCode="123" type="processOutput" /><!-- duration: 12ms -->
                </step><!-- duration: 13359ms -->
                <step title="Error occurred" date="2025-11-25T15:44:28.216" type="error" text="rsync: [generator] recv_generator: failed to stat &quot;/home/site/wwwroot/de\Microsoft.Data.SqlClient.resources.dll&quot;: Invalid argument (22)
rsync: [generator] recv_generator: failed to stat &quot;/home/site/wwwroot/es\Microsoft.Data.SqlClient.resources.dll&quot;: Invalid argument (22)
rsync: [generator] recv_generator: failed to stat &quot;/home/site/wwwroot/wwwroot\assets\index-Bh76j7cs.css&quot;: Invalid argument (22)
rsync: [generator] recv_generator: failed to stat &quot;/home/site/wwwroot/wwwroot\assets\index-D0NB4OjI.js.gz&quot;: Invalid argument (22)
rsync: [generator] recv_generator: failed to stat &quot;/home/site/wwwroot/pt-BR\Microsoft.Data.SqlClient.resources.dll&quot;: Invalid argument (22)
rsync: [generator] recv_generator: failed to stat &quot;/home/site/wwwroot/ru\Microsoft.Data.SqlClient.resources.dll&quot;: Invalid argument (22)
rsync: [generator] recv_generator: failed to stat &quot;/home/site/wwwroot/runtimes\win-arm\native\Microsoft.Data.SqlClient.SNI.dll&quot;: Invalid argument (22)
rsync: [generator] recv_generator: failed to stat &quot;/home/site/wwwroot/wwwroot\index.html&quot;: Invalid argument (22)
rsync: [generator] recv_generator: failed to stat &quot;/home/site/wwwroot/it\Microsoft.Data.SqlClient.resources.dll&quot;: Invalid argument (22)
rsync: [generator] recv_generator: failed to stat &quot;/home/site/wwwroot/runtimes\win-x86\native\Microsoft.Data.SqlClient.SNI.dll&quot;: Invalid argument (22)
rsync: [generator] recv_generator: failed to stat &quot;/home/site/wwwroot/wwwroot\assets\index-Bh76j7cs.css.gz&quot;: Invalid argument (22)
rsync: [generator] recv_generator: failed to stat &quot;/home/site/wwwroot/wwwroot\assets\index-D0NB4OjI.js.br&quot;: Invalid argument (22)
rsync: [generator] recv_generator: failed to stat &quot;/home/site/wwwroot/wwwroot\index.html.gz&quot;: Invalid argument (22)
rsync: [generator] recv_generator: failed to stat &quot;/home/site/wwwroot/fr\Microsoft.Data.SqlClient.resources.dll&quot;: Invalid argument (22)
rsync: [generator] recv_generator: failed to stat &quot;/home/site/wwwroot/runtimes\unix\lib\net8.0\Microsoft.Data.SqlClient.dll&quot;: Invalid argument (22)
rsync: [generator] recv_generator: failed to stat &quot;/home/site/wwwroot/runtimes\win-arm64\native\Microsoft.Data.SqlClient.SNI.dll&quot;: Invalid argument (22)
rsync: [generator] recv_generator: failed to stat &quot;/home/site/wwwroot/ko\Microsoft.Data.SqlClient.resources.dll&quot;: Invalid argument (22)
rsync: [generator] recv_generator: failed to stat &quot;/home/site/wwwroot/runtimes\win\lib\net6.0\System.Diagnostics.PerformanceCounter.dll&quot;: Invalid argument (22)
rsync: [generator] recv_generator: failed to stat &quot;/home/site/wwwroot/runtimes\win\lib\net8.0\Microsoft.Data.SqlClient.dll&quot;: Invalid argument (22)
rsync: [generator] recv_generator: failed to stat &quot;/home/site/wwwroot/runtimes\win\lib\net8.0\System.Runtime.Caching.dll&quot;: Invalid argument (22)
rsync: [generator] recv_generator: failed to stat &quot;/home/site/wwwroot/wwwroot\assets\index-Bh76j7cs.css.br&quot;: Invalid argument (22)
rsync: [generator] recv_generator: failed to stat &quot;/home/site/wwwroot/zh-Hans\Microsoft.Data.SqlClient.resources.dll&quot;: Invalid argument (22)
rsync: [generator] recv_generator: failed to stat &quot;/home/site/wwwroot/ja\Microsoft.Data.SqlClient.resources.dll&quot;: Invalid argument (22)
rsync: [generator] recv_generator: failed to stat &quot;/home/site/wwwroot/runtimes\win-x64\native\Microsoft.Data.SqlClient.SNI.dll&quot;: Invalid argument (22)
rsync: [generator] recv_generator: failed to stat &quot;/home/site/wwwroot/wwwroot\assets\index-D0NB4OjI.js&quot;: Invalid argument (22)
rsync: [generator] recv_generator: failed to stat &quot;/home/site/wwwroot/wwwroot\index.html.br&quot;: Invalid argument (22)
rsync: [generator] recv_generator: failed to stat &quot;/home/site/wwwroot/zh-Hant\Microsoft.Data.SqlClient.resources.dll&quot;: Invalid argument (22)
rsync error: some files/attrs were not transferred (see previous errors) (code 23) at main.c(1338) [sender=3.2.7]
rsync: [generator] recv_generator: failed to stat &quot;/home/site/wwwroot/de\Microsoft.Data.SqlClient.resources.dll&quot;: Invalid argument (22)
rsync: [generator] recv_generator: failed to stat &quot;/home/site/wwwroot/es\Microsoft.Data.SqlClient.resources.dll&quot;: Invalid argument (22)
rsync: [generator] recv_generator: failed to stat &quot;/home/site/wwwroot/wwwroot\assets\index-Bh76j7cs.css&quot;: Invalid argument (22)
rsync: [generator] recv_generator: failed to stat &quot;/home/site/wwwroot/wwwroot\assets\index-D0NB4OjI.js.gz&quot;: Invalid argument (22)
rsync error: some files/attrs were not transferred (see previous errors) (code 23) at main.c(1338) [sender=3.2.7]
rsync error: some files/attrs were not transferred (see previous errors) (code 23) at main.c(1338) [sender=3.2.7]
rsync error: some files/attrs were not transferred (see previous errors) (code 23) at main.c(1338) [sender=3.2.7]
rsync error: some files/attrs were not transferred (see previous errors) (code 23) at main.c(1338) [sender=3.2.7]
rsync error: some files/attrs were not transferred (see previous errors) (code 23) at main.c(1338) [sender=3.2.7]
rsync error: some files/attrs were not transferred (see previous errors) (code 23) at main.c(1338) [sender=3.2.7]
rsync error: some files/attrs were not transferred (see previous errors) (code 23) at main.c(1338) [sender=3.2.7]
rsync error: some files/attrs were not transferred (see previous errors) (code 23) at main.c(1338) [sender=3.2.7]
rsync: [generator] recv_generator: failed to stat &quot;/home/site/wwwroot/pt-BR\Microsoft.Data.SqlClient.resources.dll&quot;: Invalid argument (22)
rsync: [generator] recv_generator: failed to stat &quot;/home/site/wwwroot/ru\Microsoft.Data.SqlClient.resources.dll&quot;: Invalid argument (22)
rsync: [generator] recv_generator: failed to stat &quot;/home/site/wwwroot/runtimes\win-arm\native\Microsoft.Data.SqlClient.SNI.dll&quot;: Invalid argument (22)
rsync: [generator] recv_generator: failed to stat &quot;/home/site/wwwroot/wwwroot\index.html&quot;: Invalid argument (22)
rsync error: some files/attrs were not transferred (see previous errors) (code 23) at main.c(1338) [sender=3.2.7]
rsync: [generator] recv_generator: failed to stat &quot;/home/site/wwwroot/wwwroot\index.html.br&quot;: Invalid argument (22)
rsync: [generator] recv_generator: failed to stat &quot;/home/site/wwwroot/zh-Hant\Microsoft.Data.SqlClient.resources.dll&quot;: Invalid argument (22)
rsync: [generator] recv_generator: failed to stat &quot;/home/site/wwwroot/fr\Microsoft.Data.SqlClient.resources.dll&quot;: Invalid argument (22)
rsync: [generator] recv_generator: failed to stat &quot;/home/site/wwwroot/runtimes\unix\lib\net8.0\Microsoft.Data.SqlClient.dll&quot;: Invalid argument (22)
rsync: [generator] recv_generator: failed to stat &quot;/home/site/wwwroot/runtimes\win-arm64\native\Microsoft.Data.SqlClient.SNI.dll&quot;: Invalid argument (22)
rsync: [generator] recv_generator: failed to stat &quot;/home/site/wwwroot/it\Microsoft.Data.SqlClient.resources.dll&quot;: Invalid argument (22)
rsync: [generator] recv_generator: failed to stat &quot;/home/site/wwwroot/runtimes\win-x86\native\Microsoft.Data.SqlClient.SNI.dll&quot;: Invalid argument (22)
rsync: [generator] recv_generator: failed to stat &quot;/home/site/wwwroot/wwwroot\assets\index-Bh76j7cs.css.gz&quot;: Invalid argument (22)
rsync: [generator] recv_generator: failed to stat &quot;/home/site/wwwroot/wwwroot\assets\index-D0NB4OjI.js.br&quot;: Invalid argument (22)
rsync: [generator] recv_generator: failed to stat &quot;/home/site/wwwroot/wwwroot\index.html.gz&quot;: Invalid argument (22)
rsync: [generator] recv_generator: failed to stat &quot;/home/site/wwwroot/runtimes\win\lib\net8.0\System.Runtime.Caching.dll&quot;: Invalid argument (22)
rsync: [generator] recv_generator: failed to stat &quot;/home/site/wwwroot/wwwroot\assets\index-Bh76j7cs.css.br&quot;: Invalid argument (22)
rsync: [generator] recv_generator: failed to stat &quot;/home/site/wwwroot/zh-Hans\Microsoft.Data.SqlClient.resources.dll&quot;: Invalid argument (22)
rsync: [generator] recv_generator: failed to stat &quot;/home/site/wwwroot/ko\Microsoft.Data.SqlClient.resources.dll&quot;: Invalid argument (22)
rsync: [generator] recv_generator: failed to stat &quot;/home/site/wwwroot/runtimes\win\lib\net6.0\System.Diagnostics.PerformanceCounter.dll&quot;: Invalid argument (22)
rsync: [generator] recv_generator: failed to stat &quot;/home/site/wwwroot/runtimes\win\lib\net8.0\Microsoft.Data.SqlClient.dll&quot;: Invalid argument (22)
rsync: [generator] recv_generator: failed to stat &quot;/home/site/wwwroot/ja\Microsoft.Data.SqlClient.resources.dll&quot;: Invalid argument (22)
rsync: [generator] recv_generator: failed to stat &quot;/home/site/wwwroot/runtimes\win-x64\native\Microsoft.Data.SqlClient.SNI.dll&quot;: Invalid argument (22)
rsync: [generator] recv_generator: failed to stat &quot;/home/site/wwwroot/wwwroot\assets\index-D0NB4OjI.js&quot;: Invalid argument (22)
rsync error: some files/attrs were not transferred (see previous errors) (code 23) at main.c(1338) [sender=3.2.7]
rsync error: some files/attrs were not transferred (see previous errors) (code 23) at main.c(1338) [sender=3.2.7]
rsync error: some files/attrs were not transferred (see previous errors) (code 23) at main.c(1338) [sender=3.2.7]
rsync error: some files/attrs were not transferred (see previous errors) (code 23) at main.c(1338) [sender=3.2.7]
rsync error: some files/attrs were not transferred (see previous errors) (code 23) at main.c(1338) [sender=3.2.7]
rsync error: some files/attrs were not transferred (see previous errors) (code 23) at main.c(1338) [sender=3.2.7]
/opt/Kudu/Scripts/starter.sh /opt/Kudu/Scripts/parallel_rsync.sh /tmp/zipdeploy/extracted /home/site/wwwroot 8 /tmp/ False False  " stackTrace="   at Kudu.Core.Infrastructure.Executable.ExecuteInternal(ITracer tracer, Func`2 onWriteOutput, Func`2 onWriteError, CancellationToken token, Encoding encoding, String arguments, Object[] args) in /tmp/KuduLite/Kudu.Core/Infrastructure/Executable.cs:line 239
   at Kudu.Core.Infrastructure.Executable.ExecuteWithProgressWriter(ILogger logger, ITracer tracer, CancellationToken token, String arguments, Object[] args) in /tmp/KuduLite/Kudu.Core/Infrastructure/Executable.cs:line 118
   at Kudu.Core.Deployment.Generator.ExternalCommandBuilder.RunCommand(DeploymentContext context, String command, Boolean ignoreManifest, CancellationToken token, String message) in /tmp/KuduLite/Kudu.Core/Deployment/Generator/ExternalCommandBuilder.cs:line 122" /><!-- duration: 9ms -->
                <step title="Error occurred" date="2025-11-25T15:44:28.694" type="error" text="Invalid argument : &apos;/home/site/wwwroot/ja\Microsoft.Data.SqlClient.resources.dll&apos;" stackTrace="   at Interop.ThrowExceptionForIoErrno(ErrorInfo errorInfo, String path, Boolean isDirError)
   at Microsoft.Win32.SafeHandles.SafeFileHandle.Open(String fullPath, FileMode mode, FileAccess access, FileShare share, FileOptions options, Int64 preallocationSize, UnixFileMode openPermissions, Int64&amp; fileLength, UnixFileMode&amp; filePermissions, Boolean failForSymlink, Boolean&amp; wasSymlink, Func`4 createOpenException)
   at System.IO.FileSystem.CopyFile(String sourceFullPath, String destFullPath, Boolean overwrite)
   at Kudu.Core.Infrastructure.FileSystemHelpers.CopyDirectoryRecursive(String sourceDirPath, String destinationDirPath, Boolean overwrite) in /tmp/KuduLite/Kudu.Core/Infrastructure/FileSystemHelpers.cs:line 239
   at Kudu.Core.Deployment.Generator.OneDeployBuilder.Build(DeploymentContext context, CancellationToken token) in /tmp/KuduLite/Kudu.Core/Deployment/Generator/OneDeployBuilder.cs:line 108
   at Kudu.Core.Deployment.DeploymentManager.Build(ChangeSet changeSet, ITracer tracer, IDisposable deployStep, IRepository repository, DeploymentInfoBase deploymentInfo, DeploymentAnalytics deploymentAnalytics, Boolean fullBuildByDefault, CancellationToken cancellationToken) in /tmp/KuduLite/Kudu.Core/Deployment/DeploymentManager.cs:line 771" /><!-- duration: 4ms -->
                <step title="Purge deployment items" date="2025-11-25T15:44:29.017" >
                  <step title="Remove 32e21ebb-, Failed, received at 11/25/2025 15:42:49" date="2025-11-25T15:44:29.103" /><!-- duration: 4ms -->
                </step><!-- duration: 93ms -->
              </step><!-- duration: 14810ms -->
            </step><!-- duration: 14973ms -->
            <step title="Error occurred" date="2025-11-25T15:44:29.121" type="error" text="Invalid argument : &apos;/home/site/wwwroot/ja\Microsoft.Data.SqlClient.resources.dll&apos;" stackTrace="   at Interop.ThrowExceptionForIoErrno(ErrorInfo errorInfo, String path, Boolean isDirError)
   at Microsoft.Win32.SafeHandles.SafeFileHandle.Open(String fullPath, FileMode mode, FileAccess access, FileShare share, FileOptions options, Int64 preallocationSize, UnixFileMode openPermissions, Int64&amp; fileLength, UnixFileMode&amp; filePermissions, Boolean failForSymlink, Boolean&amp; wasSymlink, Func`4 createOpenException)
   at System.IO.FileSystem.CopyFile(String sourceFullPath, String destFullPath, Boolean overwrite)
   at Kudu.Core.Infrastructure.FileSystemHelpers.CopyDirectoryRecursive(String sourceDirPath, String destinationDirPath, Boolean overwrite) in /tmp/KuduLite/Kudu.Core/Infrastructure/FileSystemHelpers.cs:line 239
   at Kudu.Core.Deployment.Generator.OneDeployBuilder.Build(DeploymentContext context, CancellationToken token) in /tmp/KuduLite/Kudu.Core/Deployment/Generator/OneDeployBuilder.cs:line 108
   at Kudu.Core.Deployment.DeploymentManager.Build(ChangeSet changeSet, ITracer tracer, IDisposable deployStep, IRepository repository, DeploymentInfoBase deploymentInfo, DeploymentAnalytics deploymentAnalytics, Boolean fullBuildByDefault, CancellationToken cancellationToken) in /tmp/KuduLite/Kudu.Core/Deployment/DeploymentManager.cs:line 771
   at Kudu.Core.Deployment.DeploymentManager.Build(ChangeSet changeSet, ITracer tracer, IDisposable deployStep, IRepository repository, DeploymentInfoBase deploymentInfo, DeploymentAnalytics deploymentAnalytics, Boolean fullBuildByDefault, CancellationToken cancellationToken) in /tmp/KuduLite/Kudu.Core/Deployment/DeploymentManager.cs:line 840" /><!-- duration: 3ms -->
            <step title="Cleaning up temp files" date="2025-11-25T15:44:29.195" /><!-- duration: 8ms -->
            <step title="Cleaning up temp files" date="2025-11-25T15:44:29.211" /><!-- duration: 506ms -->
            <step title="Error occurred" date="2025-11-25T15:44:29.754" type="error" text="Invalid argument : &apos;/home/site/wwwroot/ja\Microsoft.Data.SqlClient.resources.dll&apos;" stackTrace="   at Interop.ThrowExceptionForIoErrno(ErrorInfo errorInfo, String path, Boolean isDirError)
   at Microsoft.Win32.SafeHandles.SafeFileHandle.Open(String fullPath, FileMode mode, FileAccess access, FileShare share, FileOptions options, Int64 preallocationSize, UnixFileMode openPermissions, Int64&amp; fileLength, UnixFileMode&amp; filePermissions, Boolean failForSymlink, Boolean&amp; wasSymlink, Func`4 createOpenException)
   at System.IO.FileSystem.CopyFile(String sourceFullPath, String destFullPath, Boolean overwrite)
   at Kudu.Core.Infrastructure.FileSystemHelpers.CopyDirectoryRecursive(String sourceDirPath, String destinationDirPath, Boolean overwrite) in /tmp/KuduLite/Kudu.Core/Infrastructure/FileSystemHelpers.cs:line 239
   at Kudu.Core.Deployment.Generator.OneDeployBuilder.Build(DeploymentContext context, CancellationToken token) in /tmp/KuduLite/Kudu.Core/Deployment/Generator/OneDeployBuilder.cs:line 108
   at Kudu.Core.Deployment.DeploymentManager.Build(ChangeSet changeSet, ITracer tracer, IDisposable deployStep, IRepository repository, DeploymentInfoBase deploymentInfo, DeploymentAnalytics deploymentAnalytics, Boolean fullBuildByDefault, CancellationToken cancellationToken) in /tmp/KuduLite/Kudu.Core/Deployment/DeploymentManager.cs:line 771
   at Kudu.Core.Deployment.DeploymentManager.Build(ChangeSet changeSet, ITracer tracer, IDisposable deployStep, IRepository repository, DeploymentInfoBase deploymentInfo, DeploymentAnalytics deploymentAnalytics, Boolean fullBuildByDefault, CancellationToken cancellationToken) in /tmp/KuduLite/Kudu.Core/Deployment/DeploymentManager.cs:line 840
   at Kudu.Core.Deployment.DeploymentManager.DeployAsync(IRepository repository, ChangeSet changeSet, String deployer, Boolean clean, DeploymentInfoBase deploymentInfo, Boolean needFileUpdate, Boolean fullBuildByDefault) in /tmp/KuduLite/Kudu.Core/Deployment/DeploymentManager.cs:line 266" /><!-- duration: 4ms -->
          </step><!-- duration: 15745ms -->
          <step title="Reloading status file with latest updates" date="2025-11-25T15:44:29.836" >
            <step title="WebHooksManager.PublishEventAsync: PostDeployment" date="2025-11-25T15:44:29.839" /><!-- duration: 33ms -->
          </step><!-- duration: 43ms -->
          <step title="Error occurred" date="2025-11-25T15:44:29.888" type="error" text="Invalid argument : &apos;/home/site/wwwroot/ja\Microsoft.Data.SqlClient.resources.dll&apos;" stackTrace="   at Interop.ThrowExceptionForIoErrno(ErrorInfo errorInfo, String path, Boolean isDirError)
   at Microsoft.Win32.SafeHandles.SafeFileHandle.Open(String fullPath, FileMode mode, FileAccess access, FileShare share, FileOptions options, Int64 preallocationSize, UnixFileMode openPermissions, Int64&amp; fileLength, UnixFileMode&amp; filePermissions, Boolean failForSymlink, Boolean&amp; wasSymlink, Func`4 createOpenException)
   at System.IO.FileSystem.CopyFile(String sourceFullPath, String destFullPath, Boolean overwrite)
   at Kudu.Core.Infrastructure.FileSystemHelpers.CopyDirectoryRecursive(String sourceDirPath, String destinationDirPath, Boolean overwrite) in /tmp/KuduLite/Kudu.Core/Infrastructure/FileSystemHelpers.cs:line 239
   at Kudu.Core.Deployment.Generator.OneDeployBuilder.Build(DeploymentContext context, CancellationToken token) in /tmp/KuduLite/Kudu.Core/Deployment/Generator/OneDeployBuilder.cs:line 108
   at Kudu.Core.Deployment.DeploymentManager.Build(ChangeSet changeSet, ITracer tracer, IDisposable deployStep, IRepository repository, DeploymentInfoBase deploymentInfo, DeploymentAnalytics deploymentAnalytics, Boolean fullBuildByDefault, CancellationToken cancellationToken) in /tmp/KuduLite/Kudu.Core/Deployment/DeploymentManager.cs:line 771
   at Kudu.Core.Deployment.DeploymentManager.Build(ChangeSet changeSet, ITracer tracer, IDisposable deployStep, IRepository repository, DeploymentInfoBase deploymentInfo, DeploymentAnalytics deploymentAnalytics, Boolean fullBuildByDefault, CancellationToken cancellationToken) in /tmp/KuduLite/Kudu.Core/Deployment/DeploymentManager.cs:line 840
   at Kudu.Core.Deployment.DeploymentManager.DeployAsync(IRepository repository, ChangeSet changeSet, String deployer, Boolean clean, DeploymentInfoBase deploymentInfo, Boolean needFileUpdate, Boolean fullBuildByDefault) in /tmp/KuduLite/Kudu.Core/Deployment/DeploymentManager.cs:line 266" /><!-- duration: 12ms -->
          <step title="Marking deployment as failed and cleaning up the temp deployment" date="2025-11-25T15:44:29.977" /><!-- duration: 3ms -->
        </step><!-- duration: 17812ms -->
      </step><!-- duration: 17833ms -->
      <step title="Error occurred" date="2025-11-25T15:44:30.150" type="error" text="Deployment failed" stackTrace="   at Kudu.Core.Deployment.DeploymentManager.DeployAsync(IRepository repository, ChangeSet changeSet, String deployer, Boolean clean, DeploymentInfoBase deploymentInfo, Boolean needFileUpdate, Boolean fullBuildByDefault) in /tmp/KuduLite/Kudu.Core/Deployment/DeploymentManager.cs:line 307
   at Kudu.Core.Deployment.FetchDeploymentManager.PerformDeployment(DeploymentInfoBase deploymentInfo, IDisposable tempDeployment, ChangeSet tempChangeSet, DeployStatusApiResult updateStatusObj) in /tmp/KuduLite/Kudu.Core/Deployment/FetchDeploymentManager.cs:line 230
   at Kudu.Core.Deployment.FetchDeploymentManager.&lt;&gt;c__DisplayClass17_0.&lt;&lt;FetchDeploy&gt;b__0&gt;d.MoveNext() in /tmp/KuduLite/Kudu.Core/Deployment/FetchDeploymentManager.cs:line 131
--- End of stack trace from previous location ---
   at Kudu.Core.Deployment.FetchDeploymentManager.FetchDeploy(DeploymentInfoBase deployInfo, Boolean asyncRequested, Uri requestUri, String targetBranch) in /tmp/KuduLite/Kudu.Core/Deployment/FetchDeploymentManager.cs:line 124
   at Kudu.Services.Deployment.PushDeploymentController.PushDeployAsync(ArtifactDeploymentInfo deploymentInfo, Boolean isAsync, HttpContext context, JObject requestJson) in /tmp/KuduLite/Kudu.Services/Deployment/PushDeploymentController.cs:line 802
   at Kudu.Services.Deployment.PushDeploymentController.OneDeploy(String type, Boolean async, String path, Nullable`1 restart, Nullable`1 clean, Boolean ignoreStack, Boolean trackDeploymentProgress, Boolean trackStatus, Boolean reset) in /tmp/KuduLite/Kudu.Services/Deployment/PushDeploymentController.cs:line 624
   at Microsoft.AspNetCore.Mvc.Infrastructure.ActionMethodExecutor.TaskOfIActionResultExecutor.Execute(ActionContext actionContext, IActionResultTypeMapper mapper, ObjectMethodExecutor executor, Object controller, Object[] arguments)
   at Microsoft.AspNetCore.Mvc.Infrastructure.ControllerActionInvoker.&lt;InvokeActionMethodAsync&gt;g__Awaited|12_0(ControllerActionInvoker invoker, ValueTask`1 actionResultValueTask)
   at Microsoft.AspNetCore.Mvc.Infrastructure.ControllerActionInvoker.&lt;InvokeNextActionFilterAsync&gt;g__Awaited|10_0(ControllerActionInvoker invoker, Task lastTask, State next, Scope scope, Object state, Boolean isCompleted)
   at Microsoft.AspNetCore.Mvc.Infrastructure.ControllerActionInvoker.Rethrow(ActionExecutedContextSealed context)
   at Microsoft.AspNetCore.Mvc.Infrastructure.ControllerActionInvoker.Next(State&amp; next, Scope&amp; scope, Object&amp; state, Boolean&amp; isCompleted)
   at Microsoft.AspNetCore.Mvc.Infrastructure.ControllerActionInvoker.&lt;InvokeInnerFilterAsync&gt;g__Awaited|13_0(ControllerActionInvoker invoker, Task lastTask, State next, Scope scope, Object state, Boolean isCompleted)
   at Microsoft.AspNetCore.Mvc.Infrastructure.ResourceInvoker.&lt;InvokeNextResourceFilter&gt;g__Awaited|25_0(ResourceInvoker invoker, Task lastTask, State next, Scope scope, Object state, Boolean isCompleted)
   at Microsoft.AspNetCore.Mvc.Infrastructure.ResourceInvoker.Rethrow(ResourceExecutedContextSealed context)
   at Microsoft.AspNetCore.Mvc.Infrastructure.ResourceInvoker.Next(State&amp; next, Scope&amp; scope, Object&amp; state, Boolean&amp; isCompleted)
   at Microsoft.AspNetCore.Mvc.Infrastructure.ResourceInvoker.&lt;InvokeFilterPipelineAsync&gt;g__Awaited|20_0(ResourceInvoker invoker, Task lastTask, State next, Scope scope, Object state, Boolean isCompleted)
   at Microsoft.AspNetCore.Mvc.Infrastructure.ResourceInvoker.&lt;InvokeAsync&gt;g__Awaited|17_0(ResourceInvoker invoker, Task task, IDisposable scope)
   at Microsoft.AspNetCore.Mvc.Infrastructure.ResourceInvoker.&lt;InvokeAsync&gt;g__Awaited|17_0(ResourceInvoker invoker, Task task, IDisposable scope)
   at Microsoft.AspNetCore.Builder.RouterMiddleware.Invoke(HttpContext httpContext)
   at Kudu.Services.Web.Tracing.TraceMiddleware.Invoke(HttpContext context) in /tmp/KuduLite/Kudu.Services.Web/Tracing/TraceMiddleware.cs:line 101" innerText="Invalid argument : &apos;/home/site/wwwroot/ja\Microsoft.Data.SqlClient.resources.dll&apos;" innerStackTrace="   at Interop.ThrowExceptionForIoErrno(ErrorInfo errorInfo, String path, Boolean isDirError)
   at Microsoft.Win32.SafeHandles.SafeFileHandle.Open(String fullPath, FileMode mode, FileAccess access, FileShare share, FileOptions options, Int64 preallocationSize, UnixFileMode openPermissions, Int64&amp; fileLength, UnixFileMode&amp; filePermissions, Boolean failForSymlink, Boolean&amp; wasSymlink, Func`4 createOpenException)
   at System.IO.FileSystem.CopyFile(String sourceFullPath, String destFullPath, Boolean overwrite)
   at Kudu.Core.Infrastructure.FileSystemHelpers.CopyDirectoryRecursive(String sourceDirPath, String destinationDirPath, Boolean overwrite) in /tmp/KuduLite/Kudu.Core/Infrastructure/FileSystemHelpers.cs:line 239
   at Kudu.Core.Deployment.Generator.OneDeployBuilder.Build(DeploymentContext context, CancellationToken token) in /tmp/KuduLite/Kudu.Core/Deployment/Generator/OneDeployBuilder.cs:line 108
   at Kudu.Core.Deployment.DeploymentManager.Build(ChangeSet changeSet, ITracer tracer, IDisposable deployStep, IRepository repository, DeploymentInfoBase deploymentInfo, DeploymentAnalytics deploymentAnalytics, Boolean fullBuildByDefault, CancellationToken cancellationToken) in /tmp/KuduLite/Kudu.Core/Deployment/DeploymentManager.cs:line 771
   at Kudu.Core.Deployment.DeploymentManager.Build(ChangeSet changeSet, ITracer tracer, IDisposable deployStep, IRepository repository, DeploymentInfoBase deploymentInfo, DeploymentAnalytics deploymentAnalytics, Boolean fullBuildByDefault, CancellationToken cancellationToken) in /tmp/KuduLite/Kudu.Core/Deployment/DeploymentManager.cs:line 840
   at Kudu.Core.Deployment.DeploymentManager.DeployAsync(IRepository repository, ChangeSet changeSet, String deployer, Boolean clean, DeploymentInfoBase deploymentInfo, Boolean needFileUpdate, Boolean fullBuildByDefault) in /tmp/KuduLite/Kudu.Core/Deployment/DeploymentManager.cs:line 266" /><!-- duration: 9ms -->
      <step title="Incoming Request" date="2025-11-25T15:44:30.209" url="/Error?type=zip" method="POST" type="request" pid="855,1,20" Accept="*/*" Host="checklist-poc-app.scm.azurewebsites.net" User-Agent="AZURECLI/2.75.0 (MSI)" Accept-Encoding="gzip, deflate" Authorization="Bas..." Cache-Control="no-cache" Content-Type="application/octet-stream" Cookie="ARRAffinity=978831a12b989a546f04a417ac73afab2417e3847711476ee09674c03af7af1b; ARRAffinitySameSite=978831a12b989a546f04a417ac73afab2417e3847711476ee09674c03af7af1b" Content-Length="9119032" x-ms-client-request-id="a65bb117-ca15-11f0-95bc-5cb47e924e73" x-ms-artifact-checksum="296691e5d854f2aa727146192259fbef38cec2ca2245666d670c422a5aa14107" X-ARR-LOG-ID="a65bb117-ca15-11f0-95bc-5cb47e924e73" CLIENT-IP="96.247.197.62:49243" X-SITE-DEPLOYMENT-ID="checklist-poc-app" WAS-DEFAULT-HOSTNAME="checklist-poc-app.scm.azurewebsites.net" X-Forwarded-Proto="https" X-AppService-Proto="https" X-Forwarded-TlsVersion="1.3" X-WAWS-Unencoded-URL="/api/publish?type=zip" X-Client-IP="96.247.197.62" X-Client-Port="49243" >
        <step title="Outgoing response" date="2025-11-25T15:44:30.342" type="response" statusCode="400" statusText="BadRequest" /><!-- duration: 3ms -->
      </step><!-- duration: 143ms -->
