<step title="Incoming Request" date="2025-11-25T15:52:58.767" instance="978831" url="/api/zipdeploy?isAsync=true" method="POST" type="request" pid="855,1,27" Accept="*/*" Host="checklist-poc-app.scm.azurewebsites.net" User-Agent="curl/8.12.1" Authorization="Bas..." Content-Type="application/zip" Expect="100-continue" Content-Length="9136608" X-ARR-LOG-ID="162b29e6-5b2d-49cb-89a9-b0833eacd332" CLIENT-IP="96.247.197.62:56070" X-SITE-DEPLOYMENT-ID="checklist-poc-app" WAS-DEFAULT-HOSTNAME="checklist-poc-app.scm.azurewebsites.net" X-Forwarded-Proto="https" X-AppService-Proto="https" X-Forwarded-TlsVersion="1.3" X-WAWS-Unencoded-URL="/api/zipdeploy?isAsync=true" X-Client-IP="96.247.197.62" X-Client-Port="56070" >
  <step title="Cleanup Xml Logs" date="2025-11-25T15:52:58.770" /><!-- duration: 9ms -->
  <step title="ZipPushDeploy" date="2025-11-25T15:52:58.796" >
    <step title="ZipDeploy. Extract zip." date="2025-11-25T15:52:58.807" /><!-- duration: 3ms -->
    <step title="Starting PushDeployAsync" date="2025-11-25T15:52:58.815" /><!-- duration: 3ms -->
    <step title="Writing artifact to /tmp/zipdeploy/912c1b00-965e-4d04-ac02-04da48fbb0cb.zip" date="2025-11-25T15:52:58.832" >
      <step title="Writing multipart request body to /tmp/zipdeploy/912c1b00-965e-4d04-ac02-04da48fbb0cb.zip" date="2025-11-25T15:52:58.836" /><!-- duration: 15ms -->
    </step><!-- duration: 2438ms -->
    <step title="Start deployment in the background" date="2025-11-25T15:53:01.295" >
      <step title="Acquiring Deployment Lock" date="2025-11-25T15:53:01.348" /><!-- duration: 19ms -->
      <step title="Acquired Deployment Lock" date="2025-11-25T15:53:01.444" /><!-- duration: 8ms -->
    </step><!-- duration: 285ms -->
  </step><!-- duration: 2790ms -->
  <step title="Outgoing response" date="2025-11-25T15:53:01.591" type="response" statusCode="202" statusText="Accepted" /><!-- duration: 7ms -->
</step><!-- duration: 2834ms -->
