﻿<?xml version="1.0" encoding="utf-8"?>
<deployment>
  <id>c12d6317-e3d7-4251-9efa-d78997c7d819</id>
  <author>N/A</author>
  <deployer>Push-Deployer</deployer>
  <authorEmail>N/A</authorEmail>
  <message>Created via a push deployment</message>
  <progress></progress>
  <status>Failed</status>
  <statusText></statusText>
  <lastSuccessEndTime />
  <receivedTime>2025-11-25T16:01:06.1670048Z</receivedTime>
  <startTime>2025-11-25T16:01:07.525931Z</startTime>
  <endTime>2025-11-25T16:01:20.8184503Z</endTime>
  <complete>True</complete>
  <is_temp>False</is_temp>
  <is_readonly>True</is_readonly>
  <buildSummary />
</deployment>